,git_hash,experiment_filestore,experiment,fuzzer,benchmark,time_started,time_ended,trial_id,time,edges_covered,fuzzer_stats,crash_key,bugs_covered
5,b6d7a9c8ffd4106f8929ec527f369228b835fe91,/tmp/experiment-data,d15-04-2024t23-10-41,afl,api_misuse_libxml,2024-04-15 22:12:10.366988,2024-04-16 10:22:17.706873,10,0,8003,,,0
15,b6d7a9c8ffd4106f8929ec527f369228b835fe91,/tmp/experiment-data,d15-04-2024t23-10-41,afl,api_misuse_libxml,2024-04-15 22:12:10.366988,2024-04-16 10:22:17.706873,10,900,10940,,,0
22,b6d7a9c8ffd4106f8929ec527f369228b835fe91,/tmp/experiment-data,d15-04-2024t23-10-41,afl,api_misuse_libxml,2024-04-15 22:12:10.366988,2024-04-16 10:22:17.706873,10,1800,11167,,,0
32,b6d7a9c8ffd4106f8929ec527f369228b835fe91,/tmp/experiment-data,d15-04-2024t23-10-41,afl,api_misuse_libxml,2024-04-15 22:12:10.366988,2024-04-16 10:22:17.706873,10,2700,11278,,,0
37,b6d7a9c8ffd4106f8929ec527f369228b835fe91,/tmp/experiment-data,d15-04-2024t23-10-41,afl,api_misuse_libxml,2024-04-15 22:12:10.366988,2024-04-16 10:22:17.706873,10,3600,11345,,,0
48,b6d7a9c8ffd4106f8929ec527f369228b835fe91,/tmp/experiment-data,d15-04-2024t23-10-41,afl,api_misuse_libxml,2024-04-15 22:12:10.366988,2024-04-16 10:22:17.706873,10,4500,11464,,,0
59,b6d7a9c8ffd4106f8929ec527f369228b835fe91,/tmp/experiment-data,d15-04-2024t23-10-41,afl,api_misuse_libxml,2024-04-15 22:12:10.366988,2024-04-16 10:22:17.706873,10,5400,11737,,,0
63,b6d7a9c8ffd4106f8929ec527f369228b835fe91,/tmp/experiment-data,d15-04-2024t23-10-41,afl,api_misuse_libxml,2024-04-15 22:12:10.366988,2024-04-16 10:22:17.706873,10,6300,11737,,,0
76,b6d7a9c8ffd4106f8929ec527f369228b835fe91,/tmp/experiment-data,d15-04-2024t23-10-41,afl,api_misuse_libxml,2024-04-15 22:12:10.366988,2024-04-16 10:22:17.706873,10,7200,11823,,,0
81,b6d7a9c8ffd4106f8929ec527f369228b835fe91,/tmp/experiment-data,d15-04-2024t23-10-41,afl,api_misuse_libxml,2024-04-15 22:12:10.366988,2024-04-16 10:22:17.706873,10,8100,11823,,,0
91,b6d7a9c8ffd4106f8929ec527f369228b835fe91,/tmp/experiment-data,d15-04-2024t23-10-41,afl,api_misuse_libxml,2024-04-15 22:12:10.366988,2024-04-16 10:22:17.706873,10,9000,11876,,,0
101,b6d7a9c8ffd4106f8929ec527f369228b835fe91,/tmp/experiment-data,d15-04-2024t23-10-41,afl,api_misuse_libxml,2024-04-15 22:12:10.366988,2024-04-16 10:22:17.706873,10,9900,11895,,,0
109,b6d7a9c8ffd4106f8929ec527f369228b835fe91,/tmp/experiment-data,d15-04-2024t23-10-41,afl,api_misuse_libxml,2024-04-15 22:12:10.366988,2024-04-16 10:22:17.706873,10,10800,11922,,,0
120,b6d7a9c8ffd4106f8929ec527f369228b835fe91,/tmp/experiment-data,d15-04-2024t23-10-41,afl,api_misuse_libxml,2024-04-15 22:12:10.366988,2024-04-16 10:22:17.706873,10,11700,12052,,,0
127,b6d7a9c8ffd4106f8929ec527f369228b835fe91,/tmp/experiment-data,d15-04-2024t23-10-41,afl,api_misuse_libxml,2024-04-15 22:12:10.366988,2024-04-16 10:22:17.706873,10,12600,12065,,,0
137,b6d7a9c8ffd4106f8929ec527f369228b835fe91,/tmp/experiment-data,d15-04-2024t23-10-41,afl,api_misuse_libxml,2024-04-15 22:12:10.366988,2024-04-16 10:22:17.706873,10,13500,12100,,,0
145,b6d7a9c8ffd4106f8929ec527f369228b835fe91,/tmp/experiment-data,d15-04-2024t23-10-41,afl,api_misuse_libxml,2024-04-15 22:12:10.366988,2024-04-16 10:22:17.706873,10,14400,12153,,,0
155,b6d7a9c8ffd4106f8929ec527f369228b835fe91,/tmp/experiment-data,d15-04-2024t23-10-41,afl,api_misuse_libxml,2024-04-15 22:12:10.366988,2024-04-16 10:22:17.706873,10,15300,12174,,,0
163,b6d7a9c8ffd4106f8929ec527f369228b835fe91,/tmp/experiment-data,d15-04-2024t23-10-41,afl,api_misuse_libxml,2024-04-15 22:12:10.366988,2024-04-16 10:22:17.706873,10,16200,12210,,,0
173,b6d7a9c8ffd4106f8929ec527f369228b835fe91,/tmp/experiment-data,d15-04-2024t23-10-41,afl,api_misuse_libxml,2024-04-15 22:12:10.366988,2024-04-16 10:22:17.706873,10,17100,12222,,,0
182,b6d7a9c8ffd4106f8929ec527f369228b835fe91,/tmp/experiment-data,d15-04-2024t23-10-41,afl,api_misuse_libxml,2024-04-15 22:12:10.366988,2024-04-16 10:22:17.706873,10,18000,12245,,,0
190,b6d7a9c8ffd4106f8929ec527f369228b835fe91,/tmp/experiment-data,d15-04-2024t23-10-41,afl,api_misuse_libxml,2024-04-15 22:12:10.366988,2024-04-16 10:22:17.706873,10,18900,12253,,,0
198,b6d7a9c8ffd4106f8929ec527f369228b835fe91,/tmp/experiment-data,d15-04-2024t23-10-41,afl,api_misuse_libxml,2024-04-15 22:12:10.366988,2024-04-16 10:22:17.706873,10,19800,12261,,,0
209,b6d7a9c8ffd4106f8929ec527f369228b835fe91,/tmp/experiment-data,d15-04-2024t23-10-41,afl,api_misuse_libxml,2024-04-15 22:12:10.366988,2024-04-16 10:22:17.706873,10,20700,12263,,,0
217,b6d7a9c8ffd4106f8929ec527f369228b835fe91,/tmp/experiment-data,d15-04-2024t23-10-41,afl,api_misuse_libxml,2024-04-15 22:12:10.366988,2024-04-16 10:22:17.706873,10,21600,12271,,,0
230,b6d7a9c8ffd4106f8929ec527f369228b835fe91,/tmp/experiment-data,d15-04-2024t23-10-41,afl,api_misuse_libxml,2024-04-15 22:12:10.366988,2024-04-16 10:22:17.706873,10,22500,12280,,,0
239,b6d7a9c8ffd4106f8929ec527f369228b835fe91,/tmp/experiment-data,d15-04-2024t23-10-41,afl,api_misuse_libxml,2024-04-15 22:12:10.366988,2024-04-16 10:22:17.706873,10,23400,12298,,,0
249,b6d7a9c8ffd4106f8929ec527f369228b835fe91,/tmp/experiment-data,d15-04-2024t23-10-41,afl,api_misuse_libxml,2024-04-15 22:12:10.366988,2024-04-16 10:22:17.706873,10,24300,12337,,,0
258,b6d7a9c8ffd4106f8929ec527f369228b835fe91,/tmp/experiment-data,d15-04-2024t23-10-41,afl,api_misuse_libxml,2024-04-15 22:12:10.366988,2024-04-16 10:22:17.706873,10,25200,12362,,,0
266,b6d7a9c8ffd4106f8929ec527f369228b835fe91,/tmp/experiment-data,d15-04-2024t23-10-41,afl,api_misuse_libxml,2024-04-15 22:12:10.366988,2024-04-16 10:22:17.706873,10,26100,12365,,,0
273,b6d7a9c8ffd4106f8929ec527f369228b835fe91,/tmp/experiment-data,d15-04-2024t23-10-41,afl,api_misuse_libxml,2024-04-15 22:12:10.366988,2024-04-16 10:22:17.706873,10,27000,12368,,,0
284,b6d7a9c8ffd4106f8929ec527f369228b835fe91,/tmp/experiment-data,d15-04-2024t23-10-41,afl,api_misuse_libxml,2024-04-15 22:12:10.366988,2024-04-16 10:22:17.706873,10,27900,12372,,,0
291,b6d7a9c8ffd4106f8929ec527f369228b835fe91,/tmp/experiment-data,d15-04-2024t23-10-41,afl,api_misuse_libxml,2024-04-15 22:12:10.366988,2024-04-16 10:22:17.706873,10,28800,12373,,,0
301,b6d7a9c8ffd4106f8929ec527f369228b835fe91,/tmp/experiment-data,d15-04-2024t23-10-41,afl,api_misuse_libxml,2024-04-15 22:12:10.366988,2024-04-16 10:22:17.706873,10,29700,12377,,,0
306,b6d7a9c8ffd4106f8929ec527f369228b835fe91,/tmp/experiment-data,d15-04-2024t23-10-41,afl,api_misuse_libxml,2024-04-15 22:12:10.366988,2024-04-16 10:22:17.706873,10,30600,12391,,,0
320,b6d7a9c8ffd4106f8929ec527f369228b835fe91,/tmp/experiment-data,d15-04-2024t23-10-41,afl,api_misuse_libxml,2024-04-15 22:12:10.366988,2024-04-16 10:22:17.706873,10,31500,12430,,,0
327,b6d7a9c8ffd4106f8929ec527f369228b835fe91,/tmp/experiment-data,d15-04-2024t23-10-41,afl,api_misuse_libxml,2024-04-15 22:12:10.366988,2024-04-16 10:22:17.706873,10,32400,12442,,,0
338,b6d7a9c8ffd4106f8929ec527f369228b835fe91,/tmp/experiment-data,d15-04-2024t23-10-41,afl,api_misuse_libxml,2024-04-15 22:12:10.366988,2024-04-16 10:22:17.706873,10,33300,12446,,,0
342,b6d7a9c8ffd4106f8929ec527f369228b835fe91,/tmp/experiment-data,d15-04-2024t23-10-41,afl,api_misuse_libxml,2024-04-15 22:12:10.366988,2024-04-16 10:22:17.706873,10,34200,12458,,,0
357,b6d7a9c8ffd4106f8929ec527f369228b835fe91,/tmp/experiment-data,d15-04-2024t23-10-41,afl,api_misuse_libxml,2024-04-15 22:12:10.366988,2024-04-16 10:22:17.706873,10,35100,12461,,,0
364,b6d7a9c8ffd4106f8929ec527f369228b835fe91,/tmp/experiment-data,d15-04-2024t23-10-41,afl,api_misuse_libxml,2024-04-15 22:12:10.366988,2024-04-16 10:22:17.706873,10,36000,12461,,,0
370,b6d7a9c8ffd4106f8929ec527f369228b835fe91,/tmp/experiment-data,d15-04-2024t23-10-41,afl,api_misuse_libxml,2024-04-15 22:12:10.366988,2024-04-16 10:22:17.706873,10,36900,12464,,,0
380,b6d7a9c8ffd4106f8929ec527f369228b835fe91,/tmp/experiment-data,d15-04-2024t23-10-41,afl,api_misuse_libxml,2024-04-15 22:12:10.366988,2024-04-16 10:22:17.706873,10,37800,12467,,,0
390,b6d7a9c8ffd4106f8929ec527f369228b835fe91,/tmp/experiment-data,d15-04-2024t23-10-41,afl,api_misuse_libxml,2024-04-15 22:12:10.366988,2024-04-16 10:22:17.706873,10,38700,12468,,,0
398,b6d7a9c8ffd4106f8929ec527f369228b835fe91,/tmp/experiment-data,d15-04-2024t23-10-41,afl,api_misuse_libxml,2024-04-15 22:12:10.366988,2024-04-16 10:22:17.706873,10,39600,12470,,,0
406,b6d7a9c8ffd4106f8929ec527f369228b835fe91,/tmp/experiment-data,d15-04-2024t23-10-41,afl,api_misuse_libxml,2024-04-15 22:12:10.366988,2024-04-16 10:22:17.706873,10,40500,12474,,,0
419,b6d7a9c8ffd4106f8929ec527f369228b835fe91,/tmp/experiment-data,d15-04-2024t23-10-41,afl,api_misuse_libxml,2024-04-15 22:12:10.366988,2024-04-16 10:22:17.706873,10,41400,12486,,,0
428,b6d7a9c8ffd4106f8929ec527f369228b835fe91,/tmp/experiment-data,d15-04-2024t23-10-41,afl,api_misuse_libxml,2024-04-15 22:12:10.366988,2024-04-16 10:22:17.706873,10,42300,12489,,,0
440,b6d7a9c8ffd4106f8929ec527f369228b835fe91,/tmp/experiment-data,d15-04-2024t23-10-41,afl,api_misuse_libxml,2024-04-15 22:12:10.366988,2024-04-16 10:22:17.706873,10,43200,12489,,,0
0,b6d7a9c8ffd4106f8929ec527f369228b835fe91,/tmp/experiment-data,d15-04-2024t23-10-41,aflfast,api_misuse_libxml,2024-04-15 22:12:10.383023,2024-04-16 10:22:17.706873,15,0,8003,,,0
13,b6d7a9c8ffd4106f8929ec527f369228b835fe91,/tmp/experiment-data,d15-04-2024t23-10-41,aflfast,api_misuse_libxml,2024-04-15 22:12:10.383023,2024-04-16 10:22:17.706873,15,900,11160,,,0
21,b6d7a9c8ffd4106f8929ec527f369228b835fe91,/tmp/experiment-data,d15-04-2024t23-10-41,aflfast,api_misuse_libxml,2024-04-15 22:12:10.383023,2024-04-16 10:22:17.706873,15,1800,11335,,,0
29,b6d7a9c8ffd4106f8929ec527f369228b835fe91,/tmp/experiment-data,d15-04-2024t23-10-41,aflfast,api_misuse_libxml,2024-04-15 22:12:10.383023,2024-04-16 10:22:17.706873,15,2700,11438,,,0
36,b6d7a9c8ffd4106f8929ec527f369228b835fe91,/tmp/experiment-data,d15-04-2024t23-10-41,aflfast,api_misuse_libxml,2024-04-15 22:12:10.383023,2024-04-16 10:22:17.706873,15,3600,11509,,,0
45,b6d7a9c8ffd4106f8929ec527f369228b835fe91,/tmp/experiment-data,d15-04-2024t23-10-41,aflfast,api_misuse_libxml,2024-04-15 22:12:10.383023,2024-04-16 10:22:17.706873,15,4500,11509,,,0
56,b6d7a9c8ffd4106f8929ec527f369228b835fe91,/tmp/experiment-data,d15-04-2024t23-10-41,aflfast,api_misuse_libxml,2024-04-15 22:12:10.383023,2024-04-16 10:22:17.706873,15,5400,11603,,,0
67,b6d7a9c8ffd4106f8929ec527f369228b835fe91,/tmp/experiment-data,d15-04-2024t23-10-41,aflfast,api_misuse_libxml,2024-04-15 22:12:10.383023,2024-04-16 10:22:17.706873,15,6300,11658,,,0
72,b6d7a9c8ffd4106f8929ec527f369228b835fe91,/tmp/experiment-data,d15-04-2024t23-10-41,aflfast,api_misuse_libxml,2024-04-15 22:12:10.383023,2024-04-16 10:22:17.706873,15,7200,11658,,,0
85,b6d7a9c8ffd4106f8929ec527f369228b835fe91,/tmp/experiment-data,d15-04-2024t23-10-41,aflfast,api_misuse_libxml,2024-04-15 22:12:10.383023,2024-04-16 10:22:17.706873,15,8100,11892,,,0
93,b6d7a9c8ffd4106f8929ec527f369228b835fe91,/tmp/experiment-data,d15-04-2024t23-10-41,aflfast,api_misuse_libxml,2024-04-15 22:12:10.383023,2024-04-16 10:22:17.706873,15,9000,11904,,,0
102,b6d7a9c8ffd4106f8929ec527f369228b835fe91,/tmp/experiment-data,d15-04-2024t23-10-41,aflfast,api_misuse_libxml,2024-04-15 22:12:10.383023,2024-04-16 10:22:17.706873,15,9900,11937,,,0
108,b6d7a9c8ffd4106f8929ec527f369228b835fe91,/tmp/experiment-data,d15-04-2024t23-10-41,aflfast,api_misuse_libxml,2024-04-15 22:12:10.383023,2024-04-16 10:22:17.706873,15,10800,11969,,,0
123,b6d7a9c8ffd4106f8929ec527f369228b835fe91,/tmp/experiment-data,d15-04-2024t23-10-41,aflfast,api_misuse_libxml,2024-04-15 22:12:10.383023,2024-04-16 10:22:17.706873,15,11700,12045,,,0
131,b6d7a9c8ffd4106f8929ec527f369228b835fe91,/tmp/experiment-data,d15-04-2024t23-10-41,aflfast,api_misuse_libxml,2024-04-15 22:12:10.383023,2024-04-16 10:22:17.706873,15,12600,12059,,,0
135,b6d7a9c8ffd4106f8929ec527f369228b835fe91,/tmp/experiment-data,d15-04-2024t23-10-41,aflfast,api_misuse_libxml,2024-04-15 22:12:10.383023,2024-04-16 10:22:17.706873,15,13500,12059,,,0
150,b6d7a9c8ffd4106f8929ec527f369228b835fe91,/tmp/experiment-data,d15-04-2024t23-10-41,aflfast,api_misuse_libxml,2024-04-15 22:12:10.383023,2024-04-16 10:22:17.706873,15,14400,12161,,,0
157,b6d7a9c8ffd4106f8929ec527f369228b835fe91,/tmp/experiment-data,d15-04-2024t23-10-41,aflfast,api_misuse_libxml,2024-04-15 22:12:10.383023,2024-04-16 10:22:17.706873,15,15300,12181,,,0
164,b6d7a9c8ffd4106f8929ec527f369228b835fe91,/tmp/experiment-data,d15-04-2024t23-10-41,aflfast,api_misuse_libxml,2024-04-15 22:12:10.383023,2024-04-16 10:22:17.706873,15,16200,12213,,,0
174,b6d7a9c8ffd4106f8929ec527f369228b835fe91,/tmp/experiment-data,d15-04-2024t23-10-41,aflfast,api_misuse_libxml,2024-04-15 22:12:10.383023,2024-04-16 10:22:17.706873,15,17100,12254,,,0
186,b6d7a9c8ffd4106f8929ec527f369228b835fe91,/tmp/experiment-data,d15-04-2024t23-10-41,aflfast,api_misuse_libxml,2024-04-15 22:12:10.383023,2024-04-16 10:22:17.706873,15,18000,12263,,,0
195,b6d7a9c8ffd4106f8929ec527f369228b835fe91,/tmp/experiment-data,d15-04-2024t23-10-41,aflfast,api_misuse_libxml,2024-04-15 22:12:10.383023,2024-04-16 10:22:17.706873,15,18900,12278,,,0
200,b6d7a9c8ffd4106f8929ec527f369228b835fe91,/tmp/experiment-data,d15-04-2024t23-10-41,aflfast,api_misuse_libxml,2024-04-15 22:12:10.383023,2024-04-16 10:22:17.706873,15,19800,12280,,,0
212,b6d7a9c8ffd4106f8929ec527f369228b835fe91,/tmp/experiment-data,d15-04-2024t23-10-41,aflfast,api_misuse_libxml,2024-04-15 22:12:10.383023,2024-04-16 10:22:17.706873,15,20700,12294,,,0
222,b6d7a9c8ffd4106f8929ec527f369228b835fe91,/tmp/experiment-data,d15-04-2024t23-10-41,aflfast,api_misuse_libxml,2024-04-15 22:12:10.383023,2024-04-16 10:22:17.706873,15,21600,12297,,,0
232,b6d7a9c8ffd4106f8929ec527f369228b835fe91,/tmp/experiment-data,d15-04-2024t23-10-41,aflfast,api_misuse_libxml,2024-04-15 22:12:10.383023,2024-04-16 10:22:17.706873,15,22500,12311,,,0
236,b6d7a9c8ffd4106f8929ec527f369228b835fe91,/tmp/experiment-data,d15-04-2024t23-10-41,aflfast,api_misuse_libxml,2024-04-15 22:12:10.383023,2024-04-16 10:22:17.706873,15,23400,12315,,,0
244,b6d7a9c8ffd4106f8929ec527f369228b835fe91,/tmp/experiment-data,d15-04-2024t23-10-41,aflfast,api_misuse_libxml,2024-04-15 22:12:10.383023,2024-04-16 10:22:17.706873,15,24300,12318,,,0
255,b6d7a9c8ffd4106f8929ec527f369228b835fe91,/tmp/experiment-data,d15-04-2024t23-10-41,aflfast,api_misuse_libxml,2024-04-15 22:12:10.383023,2024-04-16 10:22:17.706873,15,25200,12321,,,0
264,b6d7a9c8ffd4106f8929ec527f369228b835fe91,/tmp/experiment-data,d15-04-2024t23-10-41,aflfast,api_misuse_libxml,2024-04-15 22:12:10.383023,2024-04-16 10:22:17.706873,15,26100,12328,,,0
274,b6d7a9c8ffd4106f8929ec527f369228b835fe91,/tmp/experiment-data,d15-04-2024t23-10-41,aflfast,api_misuse_libxml,2024-04-15 22:12:10.383023,2024-04-16 10:22:17.706873,15,27000,12331,,,0
279,b6d7a9c8ffd4106f8929ec527f369228b835fe91,/tmp/experiment-data,d15-04-2024t23-10-41,aflfast,api_misuse_libxml,2024-04-15 22:12:10.383023,2024-04-16 10:22:17.706873,15,27900,12331,,,0
290,b6d7a9c8ffd4106f8929ec527f369228b835fe91,/tmp/experiment-data,d15-04-2024t23-10-41,aflfast,api_misuse_libxml,2024-04-15 22:12:10.383023,2024-04-16 10:22:17.706873,15,28800,12335,,,0
298,b6d7a9c8ffd4106f8929ec527f369228b835fe91,/tmp/experiment-data,d15-04-2024t23-10-41,aflfast,api_misuse_libxml,2024-04-15 22:12:10.383023,2024-04-16 10:22:17.706873,15,29700,12358,,,0
310,b6d7a9c8ffd4106f8929ec527f369228b835fe91,/tmp/experiment-data,d15-04-2024t23-10-41,aflfast,api_misuse_libxml,2024-04-15 22:12:10.383023,2024-04-16 10:22:17.706873,15,30600,12361,,,0
316,b6d7a9c8ffd4106f8929ec527f369228b835fe91,/tmp/experiment-data,d15-04-2024t23-10-41,aflfast,api_misuse_libxml,2024-04-15 22:12:10.383023,2024-04-16 10:22:17.706873,15,31500,12371,,,0
325,b6d7a9c8ffd4106f8929ec527f369228b835fe91,/tmp/experiment-data,d15-04-2024t23-10-41,aflfast,api_misuse_libxml,2024-04-15 22:12:10.383023,2024-04-16 10:22:17.706873,15,32400,12371,,,0
334,b6d7a9c8ffd4106f8929ec527f369228b835fe91,/tmp/experiment-data,d15-04-2024t23-10-41,aflfast,api_misuse_libxml,2024-04-15 22:12:10.383023,2024-04-16 10:22:17.706873,15,33300,12376,,,0
345,b6d7a9c8ffd4106f8929ec527f369228b835fe91,/tmp/experiment-data,d15-04-2024t23-10-41,aflfast,api_misuse_libxml,2024-04-15 22:12:10.383023,2024-04-16 10:22:17.706873,15,34200,12377,,,0
352,b6d7a9c8ffd4106f8929ec527f369228b835fe91,/tmp/experiment-data,d15-04-2024t23-10-41,aflfast,api_misuse_libxml,2024-04-15 22:12:10.383023,2024-04-16 10:22:17.706873,15,35100,12380,,,0
361,b6d7a9c8ffd4106f8929ec527f369228b835fe91,/tmp/experiment-data,d15-04-2024t23-10-41,aflfast,api_misuse_libxml,2024-04-15 22:12:10.383023,2024-04-16 10:22:17.706873,15,36000,12383,,,0
374,b6d7a9c8ffd4106f8929ec527f369228b835fe91,/tmp/experiment-data,d15-04-2024t23-10-41,aflfast,api_misuse_libxml,2024-04-15 22:12:10.383023,2024-04-16 10:22:17.706873,15,36900,12392,,,0
383,b6d7a9c8ffd4106f8929ec527f369228b835fe91,/tmp/experiment-data,d15-04-2024t23-10-41,aflfast,api_misuse_libxml,2024-04-15 22:12:10.383023,2024-04-16 10:22:17.706873,15,37800,12405,,,0
392,b6d7a9c8ffd4106f8929ec527f369228b835fe91,/tmp/experiment-data,d15-04-2024t23-10-41,aflfast,api_misuse_libxml,2024-04-15 22:12:10.383023,2024-04-16 10:22:17.706873,15,38700,12415,,,0
399,b6d7a9c8ffd4106f8929ec527f369228b835fe91,/tmp/experiment-data,d15-04-2024t23-10-41,aflfast,api_misuse_libxml,2024-04-15 22:12:10.383023,2024-04-16 10:22:17.706873,15,39600,12419,,,0
409,b6d7a9c8ffd4106f8929ec527f369228b835fe91,/tmp/experiment-data,d15-04-2024t23-10-41,aflfast,api_misuse_libxml,2024-04-15 22:12:10.383023,2024-04-16 10:22:17.706873,15,40500,12421,,,0
418,b6d7a9c8ffd4106f8929ec527f369228b835fe91,/tmp/experiment-data,d15-04-2024t23-10-41,aflfast,api_misuse_libxml,2024-04-15 22:12:10.383023,2024-04-16 10:22:17.706873,15,41400,12427,,,0
426,b6d7a9c8ffd4106f8929ec527f369228b835fe91,/tmp/experiment-data,d15-04-2024t23-10-41,aflfast,api_misuse_libxml,2024-04-15 22:12:10.383023,2024-04-16 10:22:17.706873,15,42300,12427,,,0
439,b6d7a9c8ffd4106f8929ec527f369228b835fe91,/tmp/experiment-data,d15-04-2024t23-10-41,aflfast,api_misuse_libxml,2024-04-15 22:12:10.383023,2024-04-16 10:22:17.706873,15,43200,12427,,,0
3,b6d7a9c8ffd4106f8929ec527f369228b835fe91,/tmp/experiment-data,d15-04-2024t23-10-41,aflplusplus,api_misuse_libxml,2024-04-15 22:12:10.334600,2024-04-16 10:22:17.706873,13,0,8003,,,0
12,b6d7a9c8ffd4106f8929ec527f369228b835fe91,/tmp/experiment-data,d15-04-2024t23-10-41,aflplusplus,api_misuse_libxml,2024-04-15 22:12:10.334600,2024-04-16 10:22:17.706873,13,900,10661,,,0
25,b6d7a9c8ffd4106f8929ec527f369228b835fe91,/tmp/experiment-data,d15-04-2024t23-10-41,aflplusplus,api_misuse_libxml,2024-04-15 22:12:10.334600,2024-04-16 10:22:17.706873,13,1800,11121,,,0
30,b6d7a9c8ffd4106f8929ec527f369228b835fe91,/tmp/experiment-data,d15-04-2024t23-10-41,aflplusplus,api_misuse_libxml,2024-04-15 22:12:10.334600,2024-04-16 10:22:17.706873,13,2700,11207,,,0
43,b6d7a9c8ffd4106f8929ec527f369228b835fe91,/tmp/experiment-data,d15-04-2024t23-10-41,aflplusplus,api_misuse_libxml,2024-04-15 22:12:10.334600,2024-04-16 10:22:17.706873,13,3600,11392,,,0
52,b6d7a9c8ffd4106f8929ec527f369228b835fe91,/tmp/experiment-data,d15-04-2024t23-10-41,aflplusplus,api_misuse_libxml,2024-04-15 22:12:10.334600,2024-04-16 10:22:17.706873,13,4500,11650,,,0
61,b6d7a9c8ffd4106f8929ec527f369228b835fe91,/tmp/experiment-data,d15-04-2024t23-10-41,aflplusplus,api_misuse_libxml,2024-04-15 22:12:10.334600,2024-04-16 10:22:17.706873,13,5400,11791,,,0
70,b6d7a9c8ffd4106f8929ec527f369228b835fe91,/tmp/experiment-data,d15-04-2024t23-10-41,aflplusplus,api_misuse_libxml,2024-04-15 22:12:10.334600,2024-04-16 10:22:17.706873,13,6300,11947,,,0
79,b6d7a9c8ffd4106f8929ec527f369228b835fe91,/tmp/experiment-data,d15-04-2024t23-10-41,aflplusplus,api_misuse_libxml,2024-04-15 22:12:10.334600,2024-04-16 10:22:17.706873,13,7200,11999,,,0
88,b6d7a9c8ffd4106f8929ec527f369228b835fe91,/tmp/experiment-data,d15-04-2024t23-10-41,aflplusplus,api_misuse_libxml,2024-04-15 22:12:10.334600,2024-04-16 10:22:17.706873,13,8100,12028,,,0
97,b6d7a9c8ffd4106f8929ec527f369228b835fe91,/tmp/experiment-data,d15-04-2024t23-10-41,aflplusplus,api_misuse_libxml,2024-04-15 22:12:10.334600,2024-04-16 10:22:17.706873,13,9000,12044,,,0
106,b6d7a9c8ffd4106f8929ec527f369228b835fe91,/tmp/experiment-data,d15-04-2024t23-10-41,aflplusplus,api_misuse_libxml,2024-04-15 22:12:10.334600,2024-04-16 10:22:17.706873,13,9900,12085,,,0
115,b6d7a9c8ffd4106f8929ec527f369228b835fe91,/tmp/experiment-data,d15-04-2024t23-10-41,aflplusplus,api_misuse_libxml,2024-04-15 22:12:10.334600,2024-04-16 10:22:17.706873,13,10800,12114,,,0
124,b6d7a9c8ffd4106f8929ec527f369228b835fe91,/tmp/experiment-data,d15-04-2024t23-10-41,aflplusplus,api_misuse_libxml,2024-04-15 22:12:10.334600,2024-04-16 10:22:17.706873,13,11700,12166,,,0
133,b6d7a9c8ffd4106f8929ec527f369228b835fe91,/tmp/experiment-data,d15-04-2024t23-10-41,aflplusplus,api_misuse_libxml,2024-04-15 22:12:10.334600,2024-04-16 10:22:17.706873,13,12600,12218,,,0
142,b6d7a9c8ffd4106f8929ec527f369228b835fe91,/tmp/experiment-data,d15-04-2024t23-10-41,aflplusplus,api_misuse_libxml,2024-04-15 22:12:10.334600,2024-04-16 10:22:17.706873,13,13500,12266,,,0
151,b6d7a9c8ffd4106f8929ec527f369228b835fe91,/tmp/experiment-data,d15-04-2024t23-10-41,aflplusplus,api_misuse_libxml,2024-04-15 22:12:10.334600,2024-04-16 10:22:17.706873,13,14400,12283,,,0
160,b6d7a9c8ffd4106f8929ec527f369228b835fe91,/tmp/experiment-data,d15-04-2024t23-10-41,aflplusplus,api_misuse_libxml,2024-04-15 22:12:10.334600,2024-04-16 10:22:17.706873,13,15300,12288,,,0
169,b6d7a9c8ffd4106f8929ec527f369228b835fe91,/tmp/experiment-data,d15-04-2024t23-10-41,aflplusplus,api_misuse_libxml,2024-04-15 22:12:10.334600,2024-04-16 10:22:17.706873,13,16200,12312,,,0
178,b6d7a9c8ffd4106f8929ec527f369228b835fe91,/tmp/experiment-data,d15-04-2024t23-10-41,aflplusplus,api_misuse_libxml,2024-04-15 22:12:10.334600,2024-04-16 10:22:17.706873,13,17100,12313,,,0
187,b6d7a9c8ffd4106f8929ec527f369228b835fe91,/tmp/experiment-data,d15-04-2024t23-10-41,aflplusplus,api_misuse_libxml,2024-04-15 22:12:10.334600,2024-04-16 10:22:17.706873,13,18000,12322,,,0
196,b6d7a9c8ffd4106f8929ec527f369228b835fe91,/tmp/experiment-data,d15-04-2024t23-10-41,aflplusplus,api_misuse_libxml,2024-04-15 22:12:10.334600,2024-04-16 10:22:17.706873,13,18900,12326,,,0
205,b6d7a9c8ffd4106f8929ec527f369228b835fe91,/tmp/experiment-data,d15-04-2024t23-10-41,aflplusplus,api_misuse_libxml,2024-04-15 22:12:10.334600,2024-04-16 10:22:17.706873,13,19800,12327,,,0
214,b6d7a9c8ffd4106f8929ec527f369228b835fe91,/tmp/experiment-data,d15-04-2024t23-10-41,aflplusplus,api_misuse_libxml,2024-04-15 22:12:10.334600,2024-04-16 10:22:17.706873,13,20700,12327,,,0
221,b6d7a9c8ffd4106f8929ec527f369228b835fe91,/tmp/experiment-data,d15-04-2024t23-10-41,aflplusplus,api_misuse_libxml,2024-04-15 22:12:10.334600,2024-04-16 10:22:17.706873,13,21600,12332,,,0
227,b6d7a9c8ffd4106f8929ec527f369228b835fe91,/tmp/experiment-data,d15-04-2024t23-10-41,aflplusplus,api_misuse_libxml,2024-04-15 22:12:10.334600,2024-04-16 10:22:17.706873,13,22500,12334,,,0
241,b6d7a9c8ffd4106f8929ec527f369228b835fe91,/tmp/experiment-data,d15-04-2024t23-10-41,aflplusplus,api_misuse_libxml,2024-04-15 22:12:10.334600,2024-04-16 10:22:17.706873,13,23400,12335,,,0
250,b6d7a9c8ffd4106f8929ec527f369228b835fe91,/tmp/experiment-data,d15-04-2024t23-10-41,aflplusplus,api_misuse_libxml,2024-04-15 22:12:10.334600,2024-04-16 10:22:17.706873,13,24300,12342,,,0
259,b6d7a9c8ffd4106f8929ec527f369228b835fe91,/tmp/experiment-data,d15-04-2024t23-10-41,aflplusplus,api_misuse_libxml,2024-04-15 22:12:10.334600,2024-04-16 10:22:17.706873,13,25200,12343,,,0
268,b6d7a9c8ffd4106f8929ec527f369228b835fe91,/tmp/experiment-data,d15-04-2024t23-10-41,aflplusplus,api_misuse_libxml,2024-04-15 22:12:10.334600,2024-04-16 10:22:17.706873,13,26100,12350,,,0
277,b6d7a9c8ffd4106f8929ec527f369228b835fe91,/tmp/experiment-data,d15-04-2024t23-10-41,aflplusplus,api_misuse_libxml,2024-04-15 22:12:10.334600,2024-04-16 10:22:17.706873,13,27000,12350,,,0
286,b6d7a9c8ffd4106f8929ec527f369228b835fe91,/tmp/experiment-data,d15-04-2024t23-10-41,aflplusplus,api_misuse_libxml,2024-04-15 22:12:10.334600,2024-04-16 10:22:17.706873,13,27900,12355,,,0
295,b6d7a9c8ffd4106f8929ec527f369228b835fe91,/tmp/experiment-data,d15-04-2024t23-10-41,aflplusplus,api_misuse_libxml,2024-04-15 22:12:10.334600,2024-04-16 10:22:17.706873,13,28800,12356,,,0
304,b6d7a9c8ffd4106f8929ec527f369228b835fe91,/tmp/experiment-data,d15-04-2024t23-10-41,aflplusplus,api_misuse_libxml,2024-04-15 22:12:10.334600,2024-04-16 10:22:17.706873,13,29700,12368,,,0
313,b6d7a9c8ffd4106f8929ec527f369228b835fe91,/tmp/experiment-data,d15-04-2024t23-10-41,aflplusplus,api_misuse_libxml,2024-04-15 22:12:10.334600,2024-04-16 10:22:17.706873,13,30600,12373,,,0
322,b6d7a9c8ffd4106f8929ec527f369228b835fe91,/tmp/experiment-data,d15-04-2024t23-10-41,aflplusplus,api_misuse_libxml,2024-04-15 22:12:10.334600,2024-04-16 10:22:17.706873,13,31500,12381,,,0
331,b6d7a9c8ffd4106f8929ec527f369228b835fe91,/tmp/experiment-data,d15-04-2024t23-10-41,aflplusplus,api_misuse_libxml,2024-04-15 22:12:10.334600,2024-04-16 10:22:17.706873,13,32400,12382,,,0
340,b6d7a9c8ffd4106f8929ec527f369228b835fe91,/tmp/experiment-data,d15-04-2024t23-10-41,aflplusplus,api_misuse_libxml,2024-04-15 22:12:10.334600,2024-04-16 10:22:17.706873,13,33300,12383,,,0
349,b6d7a9c8ffd4106f8929ec527f369228b835fe91,/tmp/experiment-data,d15-04-2024t23-10-41,aflplusplus,api_misuse_libxml,2024-04-15 22:12:10.334600,2024-04-16 10:22:17.706873,13,34200,12384,,,0
358,b6d7a9c8ffd4106f8929ec527f369228b835fe91,/tmp/experiment-data,d15-04-2024t23-10-41,aflplusplus,api_misuse_libxml,2024-04-15 22:12:10.334600,2024-04-16 10:22:17.706873,13,35100,12390,,,0
367,b6d7a9c8ffd4106f8929ec527f369228b835fe91,/tmp/experiment-data,d15-04-2024t23-10-41,aflplusplus,api_misuse_libxml,2024-04-15 22:12:10.334600,2024-04-16 10:22:17.706873,13,36000,12390,,,0
376,b6d7a9c8ffd4106f8929ec527f369228b835fe91,/tmp/experiment-data,d15-04-2024t23-10-41,aflplusplus,api_misuse_libxml,2024-04-15 22:12:10.334600,2024-04-16 10:22:17.706873,13,36900,12401,,,0
384,b6d7a9c8ffd4106f8929ec527f369228b835fe91,/tmp/experiment-data,d15-04-2024t23-10-41,aflplusplus,api_misuse_libxml,2024-04-15 22:12:10.334600,2024-04-16 10:22:17.706873,13,37800,12404,,,0
394,b6d7a9c8ffd4106f8929ec527f369228b835fe91,/tmp/experiment-data,d15-04-2024t23-10-41,aflplusplus,api_misuse_libxml,2024-04-15 22:12:10.334600,2024-04-16 10:22:17.706873,13,38700,12404,,,0
403,b6d7a9c8ffd4106f8929ec527f369228b835fe91,/tmp/experiment-data,d15-04-2024t23-10-41,aflplusplus,api_misuse_libxml,2024-04-15 22:12:10.334600,2024-04-16 10:22:17.706873,13,39600,12406,,,0
412,b6d7a9c8ffd4106f8929ec527f369228b835fe91,/tmp/experiment-data,d15-04-2024t23-10-41,aflplusplus,api_misuse_libxml,2024-04-15 22:12:10.334600,2024-04-16 10:22:17.706873,13,40500,12409,,,0
420,b6d7a9c8ffd4106f8929ec527f369228b835fe91,/tmp/experiment-data,d15-04-2024t23-10-41,aflplusplus,api_misuse_libxml,2024-04-15 22:12:10.334600,2024-04-16 10:22:17.706873,13,41400,12411,,,0
430,b6d7a9c8ffd4106f8929ec527f369228b835fe91,/tmp/experiment-data,d15-04-2024t23-10-41,aflplusplus,api_misuse_libxml,2024-04-15 22:12:10.334600,2024-04-16 10:22:17.706873,13,42300,12411,,,0
437,b6d7a9c8ffd4106f8929ec527f369228b835fe91,/tmp/experiment-data,d15-04-2024t23-10-41,aflplusplus,api_misuse_libxml,2024-04-15 22:12:10.334600,2024-04-16 10:22:17.706873,13,43200,12411,,,0
6,b6d7a9c8ffd4106f8929ec527f369228b835fe91,/tmp/experiment-data,d15-04-2024t23-10-41,aflsmart,api_misuse_libxml,2024-04-15 22:12:10.421939,2024-04-16 10:22:17.706873,14,0,8003,,,0
14,b6d7a9c8ffd4106f8929ec527f369228b835fe91,/tmp/experiment-data,d15-04-2024t23-10-41,aflsmart,api_misuse_libxml,2024-04-15 22:12:10.421939,2024-04-16 10:22:17.706873,14,900,10989,,,0
24,b6d7a9c8ffd4106f8929ec527f369228b835fe91,/tmp/experiment-data,d15-04-2024t23-10-41,aflsmart,api_misuse_libxml,2024-04-15 22:12:10.421939,2024-04-16 10:22:17.706873,14,1800,11369,,,0
31,b6d7a9c8ffd4106f8929ec527f369228b835fe91,/tmp/experiment-data,d15-04-2024t23-10-41,aflsmart,api_misuse_libxml,2024-04-15 22:12:10.421939,2024-04-16 10:22:17.706873,14,2700,11479,,,0
41,b6d7a9c8ffd4106f8929ec527f369228b835fe91,/tmp/experiment-data,d15-04-2024t23-10-41,aflsmart,api_misuse_libxml,2024-04-15 22:12:10.421939,2024-04-16 10:22:17.706873,14,3600,11682,,,0
49,b6d7a9c8ffd4106f8929ec527f369228b835fe91,/tmp/experiment-data,d15-04-2024t23-10-41,aflsmart,api_misuse_libxml,2024-04-15 22:12:10.421939,2024-04-16 10:22:17.706873,14,4500,11758,,,0
58,b6d7a9c8ffd4106f8929ec527f369228b835fe91,/tmp/experiment-data,d15-04-2024t23-10-41,aflsmart,api_misuse_libxml,2024-04-15 22:12:10.421939,2024-04-16 10:22:17.706873,14,5400,11795,,,0
69,b6d7a9c8ffd4106f8929ec527f369228b835fe91,/tmp/experiment-data,d15-04-2024t23-10-41,aflsmart,api_misuse_libxml,2024-04-15 22:12:10.421939,2024-04-16 10:22:17.706873,14,6300,11846,,,0
78,b6d7a9c8ffd4106f8929ec527f369228b835fe91,/tmp/experiment-data,d15-04-2024t23-10-41,aflsmart,api_misuse_libxml,2024-04-15 22:12:10.421939,2024-04-16 10:22:17.706873,14,7200,11938,,,0
83,b6d7a9c8ffd4106f8929ec527f369228b835fe91,/tmp/experiment-data,d15-04-2024t23-10-41,aflsmart,api_misuse_libxml,2024-04-15 22:12:10.421939,2024-04-16 10:22:17.706873,14,8100,11956,,,0
95,b6d7a9c8ffd4106f8929ec527f369228b835fe91,/tmp/experiment-data,d15-04-2024t23-10-41,aflsmart,api_misuse_libxml,2024-04-15 22:12:10.421939,2024-04-16 10:22:17.706873,14,9000,12093,,,0
105,b6d7a9c8ffd4106f8929ec527f369228b835fe91,/tmp/experiment-data,d15-04-2024t23-10-41,aflsmart,api_misuse_libxml,2024-04-15 22:12:10.421939,2024-04-16 10:22:17.706873,14,9900,12125,,,0
112,b6d7a9c8ffd4106f8929ec527f369228b835fe91,/tmp/experiment-data,d15-04-2024t23-10-41,aflsmart,api_misuse_libxml,2024-04-15 22:12:10.421939,2024-04-16 10:22:17.706873,14,10800,12177,,,0
122,b6d7a9c8ffd4106f8929ec527f369228b835fe91,/tmp/experiment-data,d15-04-2024t23-10-41,aflsmart,api_misuse_libxml,2024-04-15 22:12:10.421939,2024-04-16 10:22:17.706873,14,11700,12210,,,0
129,b6d7a9c8ffd4106f8929ec527f369228b835fe91,/tmp/experiment-data,d15-04-2024t23-10-41,aflsmart,api_misuse_libxml,2024-04-15 22:12:10.421939,2024-04-16 10:22:17.706873,14,12600,12275,,,0
136,b6d7a9c8ffd4106f8929ec527f369228b835fe91,/tmp/experiment-data,d15-04-2024t23-10-41,aflsmart,api_misuse_libxml,2024-04-15 22:12:10.421939,2024-04-16 10:22:17.706873,14,13500,12321,,,0
146,b6d7a9c8ffd4106f8929ec527f369228b835fe91,/tmp/experiment-data,d15-04-2024t23-10-41,aflsmart,api_misuse_libxml,2024-04-15 22:12:10.421939,2024-04-16 10:22:17.706873,14,14400,12366,,,0
158,b6d7a9c8ffd4106f8929ec527f369228b835fe91,/tmp/experiment-data,d15-04-2024t23-10-41,aflsmart,api_misuse_libxml,2024-04-15 22:12:10.421939,2024-04-16 10:22:17.706873,14,15300,12386,,,0
165,b6d7a9c8ffd4106f8929ec527f369228b835fe91,/tmp/experiment-data,d15-04-2024t23-10-41,aflsmart,api_misuse_libxml,2024-04-15 22:12:10.421939,2024-04-16 10:22:17.706873,14,16200,12394,,,0
176,b6d7a9c8ffd4106f8929ec527f369228b835fe91,/tmp/experiment-data,d15-04-2024t23-10-41,aflsmart,api_misuse_libxml,2024-04-15 22:12:10.421939,2024-04-16 10:22:17.706873,14,17100,12410,,,0
180,b6d7a9c8ffd4106f8929ec527f369228b835fe91,/tmp/experiment-data,d15-04-2024t23-10-41,aflsmart,api_misuse_libxml,2024-04-15 22:12:10.421939,2024-04-16 10:22:17.706873,14,18000,12410,,,0
194,b6d7a9c8ffd4106f8929ec527f369228b835fe91,/tmp/experiment-data,d15-04-2024t23-10-41,aflsmart,api_misuse_libxml,2024-04-15 22:12:10.421939,2024-04-16 10:22:17.706873,14,18900,12432,,,0
203,b6d7a9c8ffd4106f8929ec527f369228b835fe91,/tmp/experiment-data,d15-04-2024t23-10-41,aflsmart,api_misuse_libxml,2024-04-15 22:12:10.421939,2024-04-16 10:22:17.706873,14,19800,12439,,,0
211,b6d7a9c8ffd4106f8929ec527f369228b835fe91,/tmp/experiment-data,d15-04-2024t23-10-41,aflsmart,api_misuse_libxml,2024-04-15 22:12:10.421939,2024-04-16 10:22:17.706873,14,20700,12446,,,0
218,b6d7a9c8ffd4106f8929ec527f369228b835fe91,/tmp/experiment-data,d15-04-2024t23-10-41,aflsmart,api_misuse_libxml,2024-04-15 22:12:10.421939,2024-04-16 10:22:17.706873,14,21600,12446,,,0
228,b6d7a9c8ffd4106f8929ec527f369228b835fe91,/tmp/experiment-data,d15-04-2024t23-10-41,aflsmart,api_misuse_libxml,2024-04-15 22:12:10.421939,2024-04-16 10:22:17.706873,14,22500,12454,,,0
240,b6d7a9c8ffd4106f8929ec527f369228b835fe91,/tmp/experiment-data,d15-04-2024t23-10-41,aflsmart,api_misuse_libxml,2024-04-15 22:12:10.421939,2024-04-16 10:22:17.706873,14,23400,12479,,,0
248,b6d7a9c8ffd4106f8929ec527f369228b835fe91,/tmp/experiment-data,d15-04-2024t23-10-41,aflsmart,api_misuse_libxml,2024-04-15 22:12:10.421939,2024-04-16 10:22:17.706873,14,24300,12484,,,0
256,b6d7a9c8ffd4106f8929ec527f369228b835fe91,/tmp/experiment-data,d15-04-2024t23-10-41,aflsmart,api_misuse_libxml,2024-04-15 22:12:10.421939,2024-04-16 10:22:17.706873,14,25200,12488,,,0
267,b6d7a9c8ffd4106f8929ec527f369228b835fe91,/tmp/experiment-data,d15-04-2024t23-10-41,aflsmart,api_misuse_libxml,2024-04-15 22:12:10.421939,2024-04-16 10:22:17.706873,14,26100,12503,,,0
272,b6d7a9c8ffd4106f8929ec527f369228b835fe91,/tmp/experiment-data,d15-04-2024t23-10-41,aflsmart,api_misuse_libxml,2024-04-15 22:12:10.421939,2024-04-16 10:22:17.706873,14,27000,12505,,,0
282,b6d7a9c8ffd4106f8929ec527f369228b835fe91,/tmp/experiment-data,d15-04-2024t23-10-41,aflsmart,api_misuse_libxml,2024-04-15 22:12:10.421939,2024-04-16 10:22:17.706873,14,27900,12509,,,0
294,b6d7a9c8ffd4106f8929ec527f369228b835fe91,/tmp/experiment-data,d15-04-2024t23-10-41,aflsmart,api_misuse_libxml,2024-04-15 22:12:10.421939,2024-04-16 10:22:17.706873,14,28800,12511,,,0
300,b6d7a9c8ffd4106f8929ec527f369228b835fe91,/tmp/experiment-data,d15-04-2024t23-10-41,aflsmart,api_misuse_libxml,2024-04-15 22:12:10.421939,2024-04-16 10:22:17.706873,14,29700,12517,,,0
308,b6d7a9c8ffd4106f8929ec527f369228b835fe91,/tmp/experiment-data,d15-04-2024t23-10-41,aflsmart,api_misuse_libxml,2024-04-15 22:12:10.421939,2024-04-16 10:22:17.706873,14,30600,12523,,,0
319,b6d7a9c8ffd4106f8929ec527f369228b835fe91,/tmp/experiment-data,d15-04-2024t23-10-41,aflsmart,api_misuse_libxml,2024-04-15 22:12:10.421939,2024-04-16 10:22:17.706873,14,31500,12525,,,0
326,b6d7a9c8ffd4106f8929ec527f369228b835fe91,/tmp/experiment-data,d15-04-2024t23-10-41,aflsmart,api_misuse_libxml,2024-04-15 22:12:10.421939,2024-04-16 10:22:17.706873,14,32400,12533,,,0
339,b6d7a9c8ffd4106f8929ec527f369228b835fe91,/tmp/experiment-data,d15-04-2024t23-10-41,aflsmart,api_misuse_libxml,2024-04-15 22:12:10.421939,2024-04-16 10:22:17.706873,14,33300,12534,,,0
344,b6d7a9c8ffd4106f8929ec527f369228b835fe91,/tmp/experiment-data,d15-04-2024t23-10-41,aflsmart,api_misuse_libxml,2024-04-15 22:12:10.421939,2024-04-16 10:22:17.706873,14,34200,12537,,,0
354,b6d7a9c8ffd4106f8929ec527f369228b835fe91,/tmp/experiment-data,d15-04-2024t23-10-41,aflsmart,api_misuse_libxml,2024-04-15 22:12:10.421939,2024-04-16 10:22:17.706873,14,35100,12540,,,0
365,b6d7a9c8ffd4106f8929ec527f369228b835fe91,/tmp/experiment-data,d15-04-2024t23-10-41,aflsmart,api_misuse_libxml,2024-04-15 22:12:10.421939,2024-04-16 10:22:17.706873,14,36000,12540,,,0
371,b6d7a9c8ffd4106f8929ec527f369228b835fe91,/tmp/experiment-data,d15-04-2024t23-10-41,aflsmart,api_misuse_libxml,2024-04-15 22:12:10.421939,2024-04-16 10:22:17.706873,14,36900,12541,,,0
381,b6d7a9c8ffd4106f8929ec527f369228b835fe91,/tmp/experiment-data,d15-04-2024t23-10-41,aflsmart,api_misuse_libxml,2024-04-15 22:12:10.421939,2024-04-16 10:22:17.706873,14,37800,12549,,,0
389,b6d7a9c8ffd4106f8929ec527f369228b835fe91,/tmp/experiment-data,d15-04-2024t23-10-41,aflsmart,api_misuse_libxml,2024-04-15 22:12:10.421939,2024-04-16 10:22:17.706873,14,38700,12553,,,0
397,b6d7a9c8ffd4106f8929ec527f369228b835fe91,/tmp/experiment-data,d15-04-2024t23-10-41,aflsmart,api_misuse_libxml,2024-04-15 22:12:10.421939,2024-04-16 10:22:17.706873,14,39600,12553,,,0
411,b6d7a9c8ffd4106f8929ec527f369228b835fe91,/tmp/experiment-data,d15-04-2024t23-10-41,aflsmart,api_misuse_libxml,2024-04-15 22:12:10.421939,2024-04-16 10:22:17.706873,14,40500,12553,,,0
414,b6d7a9c8ffd4106f8929ec527f369228b835fe91,/tmp/experiment-data,d15-04-2024t23-10-41,aflsmart,api_misuse_libxml,2024-04-15 22:12:10.421939,2024-04-16 10:22:17.706873,14,41400,12553,,,0
427,b6d7a9c8ffd4106f8929ec527f369228b835fe91,/tmp/experiment-data,d15-04-2024t23-10-41,aflsmart,api_misuse_libxml,2024-04-15 22:12:10.421939,2024-04-16 10:22:17.706873,14,42300,12555,,,0
433,b6d7a9c8ffd4106f8929ec527f369228b835fe91,/tmp/experiment-data,d15-04-2024t23-10-41,aflsmart,api_misuse_libxml,2024-04-15 22:12:10.421939,2024-04-16 10:22:17.706873,14,43200,12555,,,0
7,b6d7a9c8ffd4106f8929ec527f369228b835fe91,/tmp/experiment-data,d15-04-2024t23-10-41,eclipser,api_misuse_libxml,2024-04-15 22:12:10.412992,2024-04-16 10:22:17.706873,18,0,8003,,,0
16,b6d7a9c8ffd4106f8929ec527f369228b835fe91,/tmp/experiment-data,d15-04-2024t23-10-41,eclipser,api_misuse_libxml,2024-04-15 22:12:10.412992,2024-04-16 10:22:17.706873,18,900,11035,,,0
20,b6d7a9c8ffd4106f8929ec527f369228b835fe91,/tmp/experiment-data,d15-04-2024t23-10-41,eclipser,api_misuse_libxml,2024-04-15 22:12:10.412992,2024-04-16 10:22:17.706873,18,1800,11238,,,0
27,b6d7a9c8ffd4106f8929ec527f369228b835fe91,/tmp/experiment-data,d15-04-2024t23-10-41,eclipser,api_misuse_libxml,2024-04-15 22:12:10.412992,2024-04-16 10:22:17.706873,18,2700,11238,,,0
40,b6d7a9c8ffd4106f8929ec527f369228b835fe91,/tmp/experiment-data,d15-04-2024t23-10-41,eclipser,api_misuse_libxml,2024-04-15 22:12:10.412992,2024-04-16 10:22:17.706873,18,3600,11393,,,0
50,b6d7a9c8ffd4106f8929ec527f369228b835fe91,/tmp/experiment-data,d15-04-2024t23-10-41,eclipser,api_misuse_libxml,2024-04-15 22:12:10.412992,2024-04-16 10:22:17.706873,18,4500,11560,,,0
60,b6d7a9c8ffd4106f8929ec527f369228b835fe91,/tmp/experiment-data,d15-04-2024t23-10-41,eclipser,api_misuse_libxml,2024-04-15 22:12:10.412992,2024-04-16 10:22:17.706873,18,5400,11620,,,0
68,b6d7a9c8ffd4106f8929ec527f369228b835fe91,/tmp/experiment-data,d15-04-2024t23-10-41,eclipser,api_misuse_libxml,2024-04-15 22:12:10.412992,2024-04-16 10:22:17.706873,18,6300,11760,,,0
75,b6d7a9c8ffd4106f8929ec527f369228b835fe91,/tmp/experiment-data,d15-04-2024t23-10-41,eclipser,api_misuse_libxml,2024-04-15 22:12:10.412992,2024-04-16 10:22:17.706873,18,7200,11905,,,0
87,b6d7a9c8ffd4106f8929ec527f369228b835fe91,/tmp/experiment-data,d15-04-2024t23-10-41,eclipser,api_misuse_libxml,2024-04-15 22:12:10.412992,2024-04-16 10:22:17.706873,18,8100,11951,,,0
94,b6d7a9c8ffd4106f8929ec527f369228b835fe91,/tmp/experiment-data,d15-04-2024t23-10-41,eclipser,api_misuse_libxml,2024-04-15 22:12:10.412992,2024-04-16 10:22:17.706873,18,9000,12049,,,0
99,b6d7a9c8ffd4106f8929ec527f369228b835fe91,/tmp/experiment-data,d15-04-2024t23-10-41,eclipser,api_misuse_libxml,2024-04-15 22:12:10.412992,2024-04-16 10:22:17.706873,18,9900,12049,,,0
113,b6d7a9c8ffd4106f8929ec527f369228b835fe91,/tmp/experiment-data,d15-04-2024t23-10-41,eclipser,api_misuse_libxml,2024-04-15 22:12:10.412992,2024-04-16 10:22:17.706873,18,10800,12067,,,0
121,b6d7a9c8ffd4106f8929ec527f369228b835fe91,/tmp/experiment-data,d15-04-2024t23-10-41,eclipser,api_misuse_libxml,2024-04-15 22:12:10.412992,2024-04-16 10:22:17.706873,18,11700,12140,,,0
132,b6d7a9c8ffd4106f8929ec527f369228b835fe91,/tmp/experiment-data,d15-04-2024t23-10-41,eclipser,api_misuse_libxml,2024-04-15 22:12:10.412992,2024-04-16 10:22:17.706873,18,12600,12174,,,0
139,b6d7a9c8ffd4106f8929ec527f369228b835fe91,/tmp/experiment-data,d15-04-2024t23-10-41,eclipser,api_misuse_libxml,2024-04-15 22:12:10.412992,2024-04-16 10:22:17.706873,18,13500,12240,,,0
144,b6d7a9c8ffd4106f8929ec527f369228b835fe91,/tmp/experiment-data,d15-04-2024t23-10-41,eclipser,api_misuse_libxml,2024-04-15 22:12:10.412992,2024-04-16 10:22:17.706873,18,14400,12240,,,0
156,b6d7a9c8ffd4106f8929ec527f369228b835fe91,/tmp/experiment-data,d15-04-2024t23-10-41,eclipser,api_misuse_libxml,2024-04-15 22:12:10.412992,2024-04-16 10:22:17.706873,18,15300,12260,,,0
167,b6d7a9c8ffd4106f8929ec527f369228b835fe91,/tmp/experiment-data,d15-04-2024t23-10-41,eclipser,api_misuse_libxml,2024-04-15 22:12:10.412992,2024-04-16 10:22:17.706873,18,16200,12269,,,0
172,b6d7a9c8ffd4106f8929ec527f369228b835fe91,/tmp/experiment-data,d15-04-2024t23-10-41,eclipser,api_misuse_libxml,2024-04-15 22:12:10.412992,2024-04-16 10:22:17.706873,18,17100,12288,,,0
185,b6d7a9c8ffd4106f8929ec527f369228b835fe91,/tmp/experiment-data,d15-04-2024t23-10-41,eclipser,api_misuse_libxml,2024-04-15 22:12:10.412992,2024-04-16 10:22:17.706873,18,18000,12309,,,0
191,b6d7a9c8ffd4106f8929ec527f369228b835fe91,/tmp/experiment-data,d15-04-2024t23-10-41,eclipser,api_misuse_libxml,2024-04-15 22:12:10.412992,2024-04-16 10:22:17.706873,18,18900,12312,,,0
204,b6d7a9c8ffd4106f8929ec527f369228b835fe91,/tmp/experiment-data,d15-04-2024t23-10-41,eclipser,api_misuse_libxml,2024-04-15 22:12:10.412992,2024-04-16 10:22:17.706873,18,19800,12319,,,0
208,b6d7a9c8ffd4106f8929ec527f369228b835fe91,/tmp/experiment-data,d15-04-2024t23-10-41,eclipser,api_misuse_libxml,2024-04-15 22:12:10.412992,2024-04-16 10:22:17.706873,18,20700,12343,,,0
219,b6d7a9c8ffd4106f8929ec527f369228b835fe91,/tmp/experiment-data,d15-04-2024t23-10-41,eclipser,api_misuse_libxml,2024-04-15 22:12:10.412992,2024-04-16 10:22:17.706873,18,21600,12348,,,0
229,b6d7a9c8ffd4106f8929ec527f369228b835fe91,/tmp/experiment-data,d15-04-2024t23-10-41,eclipser,api_misuse_libxml,2024-04-15 22:12:10.412992,2024-04-16 10:22:17.706873,18,22500,12348,,,0
235,b6d7a9c8ffd4106f8929ec527f369228b835fe91,/tmp/experiment-data,d15-04-2024t23-10-41,eclipser,api_misuse_libxml,2024-04-15 22:12:10.412992,2024-04-16 10:22:17.706873,18,23400,12353,,,0
246,b6d7a9c8ffd4106f8929ec527f369228b835fe91,/tmp/experiment-data,d15-04-2024t23-10-41,eclipser,api_misuse_libxml,2024-04-15 22:12:10.412992,2024-04-16 10:22:17.706873,18,24300,12354,,,0
253,b6d7a9c8ffd4106f8929ec527f369228b835fe91,/tmp/experiment-data,d15-04-2024t23-10-41,eclipser,api_misuse_libxml,2024-04-15 22:12:10.412992,2024-04-16 10:22:17.706873,18,25200,12363,,,0
265,b6d7a9c8ffd4106f8929ec527f369228b835fe91,/tmp/experiment-data,d15-04-2024t23-10-41,eclipser,api_misuse_libxml,2024-04-15 22:12:10.412992,2024-04-16 10:22:17.706873,18,26100,12366,,,0
275,b6d7a9c8ffd4106f8929ec527f369228b835fe91,/tmp/experiment-data,d15-04-2024t23-10-41,eclipser,api_misuse_libxml,2024-04-15 22:12:10.412992,2024-04-16 10:22:17.706873,18,27000,12371,,,0
283,b6d7a9c8ffd4106f8929ec527f369228b835fe91,/tmp/experiment-data,d15-04-2024t23-10-41,eclipser,api_misuse_libxml,2024-04-15 22:12:10.412992,2024-04-16 10:22:17.706873,18,27900,12379,,,0
293,b6d7a9c8ffd4106f8929ec527f369228b835fe91,/tmp/experiment-data,d15-04-2024t23-10-41,eclipser,api_misuse_libxml,2024-04-15 22:12:10.412992,2024-04-16 10:22:17.706873,18,28800,12382,,,0
299,b6d7a9c8ffd4106f8929ec527f369228b835fe91,/tmp/experiment-data,d15-04-2024t23-10-41,eclipser,api_misuse_libxml,2024-04-15 22:12:10.412992,2024-04-16 10:22:17.706873,18,29700,12383,,,0
309,b6d7a9c8ffd4106f8929ec527f369228b835fe91,/tmp/experiment-data,d15-04-2024t23-10-41,eclipser,api_misuse_libxml,2024-04-15 22:12:10.412992,2024-04-16 10:22:17.706873,18,30600,12390,,,0
317,b6d7a9c8ffd4106f8929ec527f369228b835fe91,/tmp/experiment-data,d15-04-2024t23-10-41,eclipser,api_misuse_libxml,2024-04-15 22:12:10.412992,2024-04-16 10:22:17.706873,18,31500,12403,,,0
328,b6d7a9c8ffd4106f8929ec527f369228b835fe91,/tmp/experiment-data,d15-04-2024t23-10-41,eclipser,api_misuse_libxml,2024-04-15 22:12:10.412992,2024-04-16 10:22:17.706873,18,32400,12403,,,0
335,b6d7a9c8ffd4106f8929ec527f369228b835fe91,/tmp/experiment-data,d15-04-2024t23-10-41,eclipser,api_misuse_libxml,2024-04-15 22:12:10.412992,2024-04-16 10:22:17.706873,18,33300,12413,,,0
347,b6d7a9c8ffd4106f8929ec527f369228b835fe91,/tmp/experiment-data,d15-04-2024t23-10-41,eclipser,api_misuse_libxml,2024-04-15 22:12:10.412992,2024-04-16 10:22:17.706873,18,34200,12416,,,0
356,b6d7a9c8ffd4106f8929ec527f369228b835fe91,/tmp/experiment-data,d15-04-2024t23-10-41,eclipser,api_misuse_libxml,2024-04-15 22:12:10.412992,2024-04-16 10:22:17.706873,18,35100,12421,,,0
363,b6d7a9c8ffd4106f8929ec527f369228b835fe91,/tmp/experiment-data,d15-04-2024t23-10-41,eclipser,api_misuse_libxml,2024-04-15 22:12:10.412992,2024-04-16 10:22:17.706873,18,36000,12421,,,0
373,b6d7a9c8ffd4106f8929ec527f369228b835fe91,/tmp/experiment-data,d15-04-2024t23-10-41,eclipser,api_misuse_libxml,2024-04-15 22:12:10.412992,2024-04-16 10:22:17.706873,18,36900,12424,,,0
379,b6d7a9c8ffd4106f8929ec527f369228b835fe91,/tmp/experiment-data,d15-04-2024t23-10-41,eclipser,api_misuse_libxml,2024-04-15 22:12:10.412992,2024-04-16 10:22:17.706873,18,37800,12426,,,0
388,b6d7a9c8ffd4106f8929ec527f369228b835fe91,/tmp/experiment-data,d15-04-2024t23-10-41,eclipser,api_misuse_libxml,2024-04-15 22:12:10.412992,2024-04-16 10:22:17.706873,18,38700,12426,,,0
396,b6d7a9c8ffd4106f8929ec527f369228b835fe91,/tmp/experiment-data,d15-04-2024t23-10-41,eclipser,api_misuse_libxml,2024-04-15 22:12:10.412992,2024-04-16 10:22:17.706873,18,39600,12426,,,0
407,b6d7a9c8ffd4106f8929ec527f369228b835fe91,/tmp/experiment-data,d15-04-2024t23-10-41,eclipser,api_misuse_libxml,2024-04-15 22:12:10.412992,2024-04-16 10:22:17.706873,18,40500,12426,,,0
417,b6d7a9c8ffd4106f8929ec527f369228b835fe91,/tmp/experiment-data,d15-04-2024t23-10-41,eclipser,api_misuse_libxml,2024-04-15 22:12:10.412992,2024-04-16 10:22:17.706873,18,41400,12432,,,0
429,b6d7a9c8ffd4106f8929ec527f369228b835fe91,/tmp/experiment-data,d15-04-2024t23-10-41,eclipser,api_misuse_libxml,2024-04-15 22:12:10.412992,2024-04-16 10:22:17.706873,18,42300,12441,,,0
435,b6d7a9c8ffd4106f8929ec527f369228b835fe91,/tmp/experiment-data,d15-04-2024t23-10-41,eclipser,api_misuse_libxml,2024-04-15 22:12:10.412992,2024-04-16 10:22:17.706873,18,43200,12441,,,0
2,b6d7a9c8ffd4106f8929ec527f369228b835fe91,/tmp/experiment-data,d15-04-2024t23-10-41,fairfuzz,api_misuse_libxml,2024-04-15 22:12:10.434969,2024-04-16 10:22:17.706873,16,0,8003,,,0
9,b6d7a9c8ffd4106f8929ec527f369228b835fe91,/tmp/experiment-data,d15-04-2024t23-10-41,fairfuzz,api_misuse_libxml,2024-04-15 22:12:10.434969,2024-04-16 10:22:17.706873,16,900,10795,,,0
18,b6d7a9c8ffd4106f8929ec527f369228b835fe91,/tmp/experiment-data,d15-04-2024t23-10-41,fairfuzz,api_misuse_libxml,2024-04-15 22:12:10.434969,2024-04-16 10:22:17.706873,16,1800,10801,,,0
28,b6d7a9c8ffd4106f8929ec527f369228b835fe91,/tmp/experiment-data,d15-04-2024t23-10-41,fairfuzz,api_misuse_libxml,2024-04-15 22:12:10.434969,2024-04-16 10:22:17.706873,16,2700,10876,,,0
42,b6d7a9c8ffd4106f8929ec527f369228b835fe91,/tmp/experiment-data,d15-04-2024t23-10-41,fairfuzz,api_misuse_libxml,2024-04-15 22:12:10.434969,2024-04-16 10:22:17.706873,16,3600,11056,,,0
51,b6d7a9c8ffd4106f8929ec527f369228b835fe91,/tmp/experiment-data,d15-04-2024t23-10-41,fairfuzz,api_misuse_libxml,2024-04-15 22:12:10.434969,2024-04-16 10:22:17.706873,16,4500,11195,,,0
54,b6d7a9c8ffd4106f8929ec527f369228b835fe91,/tmp/experiment-data,d15-04-2024t23-10-41,fairfuzz,api_misuse_libxml,2024-04-15 22:12:10.434969,2024-04-16 10:22:17.706873,16,5400,11202,,,0
64,b6d7a9c8ffd4106f8929ec527f369228b835fe91,/tmp/experiment-data,d15-04-2024t23-10-41,fairfuzz,api_misuse_libxml,2024-04-15 22:12:10.434969,2024-04-16 10:22:17.706873,16,6300,11251,,,0
77,b6d7a9c8ffd4106f8929ec527f369228b835fe91,/tmp/experiment-data,d15-04-2024t23-10-41,fairfuzz,api_misuse_libxml,2024-04-15 22:12:10.434969,2024-04-16 10:22:17.706873,16,7200,11322,,,0
86,b6d7a9c8ffd4106f8929ec527f369228b835fe91,/tmp/experiment-data,d15-04-2024t23-10-41,fairfuzz,api_misuse_libxml,2024-04-15 22:12:10.434969,2024-04-16 10:22:17.706873,16,8100,11370,,,0
96,b6d7a9c8ffd4106f8929ec527f369228b835fe91,/tmp/experiment-data,d15-04-2024t23-10-41,fairfuzz,api_misuse_libxml,2024-04-15 22:12:10.434969,2024-04-16 10:22:17.706873,16,9000,11394,,,0
104,b6d7a9c8ffd4106f8929ec527f369228b835fe91,/tmp/experiment-data,d15-04-2024t23-10-41,fairfuzz,api_misuse_libxml,2024-04-15 22:12:10.434969,2024-04-16 10:22:17.706873,16,9900,11462,,,0
110,b6d7a9c8ffd4106f8929ec527f369228b835fe91,/tmp/experiment-data,d15-04-2024t23-10-41,fairfuzz,api_misuse_libxml,2024-04-15 22:12:10.434969,2024-04-16 10:22:17.706873,16,10800,11465,,,0
119,b6d7a9c8ffd4106f8929ec527f369228b835fe91,/tmp/experiment-data,d15-04-2024t23-10-41,fairfuzz,api_misuse_libxml,2024-04-15 22:12:10.434969,2024-04-16 10:22:17.706873,16,11700,11588,,,0
128,b6d7a9c8ffd4106f8929ec527f369228b835fe91,/tmp/experiment-data,d15-04-2024t23-10-41,fairfuzz,api_misuse_libxml,2024-04-15 22:12:10.434969,2024-04-16 10:22:17.706873,16,12600,11694,,,0
141,b6d7a9c8ffd4106f8929ec527f369228b835fe91,/tmp/experiment-data,d15-04-2024t23-10-41,fairfuzz,api_misuse_libxml,2024-04-15 22:12:10.434969,2024-04-16 10:22:17.706873,16,13500,11822,,,0
147,b6d7a9c8ffd4106f8929ec527f369228b835fe91,/tmp/experiment-data,d15-04-2024t23-10-41,fairfuzz,api_misuse_libxml,2024-04-15 22:12:10.434969,2024-04-16 10:22:17.706873,16,14400,11878,,,0
154,b6d7a9c8ffd4106f8929ec527f369228b835fe91,/tmp/experiment-data,d15-04-2024t23-10-41,fairfuzz,api_misuse_libxml,2024-04-15 22:12:10.434969,2024-04-16 10:22:17.706873,16,15300,11888,,,0
162,b6d7a9c8ffd4106f8929ec527f369228b835fe91,/tmp/experiment-data,d15-04-2024t23-10-41,fairfuzz,api_misuse_libxml,2024-04-15 22:12:10.434969,2024-04-16 10:22:17.706873,16,16200,11888,,,0
171,b6d7a9c8ffd4106f8929ec527f369228b835fe91,/tmp/experiment-data,d15-04-2024t23-10-41,fairfuzz,api_misuse_libxml,2024-04-15 22:12:10.434969,2024-04-16 10:22:17.706873,16,17100,11888,,,0
181,b6d7a9c8ffd4106f8929ec527f369228b835fe91,/tmp/experiment-data,d15-04-2024t23-10-41,fairfuzz,api_misuse_libxml,2024-04-15 22:12:10.434969,2024-04-16 10:22:17.706873,16,18000,11888,,,0
189,b6d7a9c8ffd4106f8929ec527f369228b835fe91,/tmp/experiment-data,d15-04-2024t23-10-41,fairfuzz,api_misuse_libxml,2024-04-15 22:12:10.434969,2024-04-16 10:22:17.706873,16,18900,11888,,,0
199,b6d7a9c8ffd4106f8929ec527f369228b835fe91,/tmp/experiment-data,d15-04-2024t23-10-41,fairfuzz,api_misuse_libxml,2024-04-15 22:12:10.434969,2024-04-16 10:22:17.706873,16,19800,11888,,,0
207,b6d7a9c8ffd4106f8929ec527f369228b835fe91,/tmp/experiment-data,d15-04-2024t23-10-41,fairfuzz,api_misuse_libxml,2024-04-15 22:12:10.434969,2024-04-16 10:22:17.706873,16,20700,11888,,,0
216,b6d7a9c8ffd4106f8929ec527f369228b835fe91,/tmp/experiment-data,d15-04-2024t23-10-41,fairfuzz,api_misuse_libxml,2024-04-15 22:12:10.434969,2024-04-16 10:22:17.706873,16,21600,11888,,,0
225,b6d7a9c8ffd4106f8929ec527f369228b835fe91,/tmp/experiment-data,d15-04-2024t23-10-41,fairfuzz,api_misuse_libxml,2024-04-15 22:12:10.434969,2024-04-16 10:22:17.706873,16,22500,11888,,,0
234,b6d7a9c8ffd4106f8929ec527f369228b835fe91,/tmp/experiment-data,d15-04-2024t23-10-41,fairfuzz,api_misuse_libxml,2024-04-15 22:12:10.434969,2024-04-16 10:22:17.706873,16,23400,11888,,,0
243,b6d7a9c8ffd4106f8929ec527f369228b835fe91,/tmp/experiment-data,d15-04-2024t23-10-41,fairfuzz,api_misuse_libxml,2024-04-15 22:12:10.434969,2024-04-16 10:22:17.706873,16,24300,11888,,,0
252,b6d7a9c8ffd4106f8929ec527f369228b835fe91,/tmp/experiment-data,d15-04-2024t23-10-41,fairfuzz,api_misuse_libxml,2024-04-15 22:12:10.434969,2024-04-16 10:22:17.706873,16,25200,11888,,,0
262,b6d7a9c8ffd4106f8929ec527f369228b835fe91,/tmp/experiment-data,d15-04-2024t23-10-41,fairfuzz,api_misuse_libxml,2024-04-15 22:12:10.434969,2024-04-16 10:22:17.706873,16,26100,11888,,,0
270,b6d7a9c8ffd4106f8929ec527f369228b835fe91,/tmp/experiment-data,d15-04-2024t23-10-41,fairfuzz,api_misuse_libxml,2024-04-15 22:12:10.434969,2024-04-16 10:22:17.706873,16,27000,11888,,,0
280,b6d7a9c8ffd4106f8929ec527f369228b835fe91,/tmp/experiment-data,d15-04-2024t23-10-41,fairfuzz,api_misuse_libxml,2024-04-15 22:12:10.434969,2024-04-16 10:22:17.706873,16,27900,11888,,,0
288,b6d7a9c8ffd4106f8929ec527f369228b835fe91,/tmp/experiment-data,d15-04-2024t23-10-41,fairfuzz,api_misuse_libxml,2024-04-15 22:12:10.434969,2024-04-16 10:22:17.706873,16,28800,11888,,,0
297,b6d7a9c8ffd4106f8929ec527f369228b835fe91,/tmp/experiment-data,d15-04-2024t23-10-41,fairfuzz,api_misuse_libxml,2024-04-15 22:12:10.434969,2024-04-16 10:22:17.706873,16,29700,11888,,,0
307,b6d7a9c8ffd4106f8929ec527f369228b835fe91,/tmp/experiment-data,d15-04-2024t23-10-41,fairfuzz,api_misuse_libxml,2024-04-15 22:12:10.434969,2024-04-16 10:22:17.706873,16,30600,11888,,,0
315,b6d7a9c8ffd4106f8929ec527f369228b835fe91,/tmp/experiment-data,d15-04-2024t23-10-41,fairfuzz,api_misuse_libxml,2024-04-15 22:12:10.434969,2024-04-16 10:22:17.706873,16,31500,11888,,,0
324,b6d7a9c8ffd4106f8929ec527f369228b835fe91,/tmp/experiment-data,d15-04-2024t23-10-41,fairfuzz,api_misuse_libxml,2024-04-15 22:12:10.434969,2024-04-16 10:22:17.706873,16,32400,11888,,,0
333,b6d7a9c8ffd4106f8929ec527f369228b835fe91,/tmp/experiment-data,d15-04-2024t23-10-41,fairfuzz,api_misuse_libxml,2024-04-15 22:12:10.434969,2024-04-16 10:22:17.706873,16,33300,11888,,,0
343,b6d7a9c8ffd4106f8929ec527f369228b835fe91,/tmp/experiment-data,d15-04-2024t23-10-41,fairfuzz,api_misuse_libxml,2024-04-15 22:12:10.434969,2024-04-16 10:22:17.706873,16,34200,11888,,,0
353,b6d7a9c8ffd4106f8929ec527f369228b835fe91,/tmp/experiment-data,d15-04-2024t23-10-41,fairfuzz,api_misuse_libxml,2024-04-15 22:12:10.434969,2024-04-16 10:22:17.706873,16,35100,11888,,,0
360,b6d7a9c8ffd4106f8929ec527f369228b835fe91,/tmp/experiment-data,d15-04-2024t23-10-41,fairfuzz,api_misuse_libxml,2024-04-15 22:12:10.434969,2024-04-16 10:22:17.706873,16,36000,11888,,,0
369,b6d7a9c8ffd4106f8929ec527f369228b835fe91,/tmp/experiment-data,d15-04-2024t23-10-41,fairfuzz,api_misuse_libxml,2024-04-15 22:12:10.434969,2024-04-16 10:22:17.706873,16,36900,11888,,,0
378,b6d7a9c8ffd4106f8929ec527f369228b835fe91,/tmp/experiment-data,d15-04-2024t23-10-41,fairfuzz,api_misuse_libxml,2024-04-15 22:12:10.434969,2024-04-16 10:22:17.706873,16,37800,11888,,,0
387,b6d7a9c8ffd4106f8929ec527f369228b835fe91,/tmp/experiment-data,d15-04-2024t23-10-41,fairfuzz,api_misuse_libxml,2024-04-15 22:12:10.434969,2024-04-16 10:22:17.706873,16,38700,11888,,,0
400,b6d7a9c8ffd4106f8929ec527f369228b835fe91,/tmp/experiment-data,d15-04-2024t23-10-41,fairfuzz,api_misuse_libxml,2024-04-15 22:12:10.434969,2024-04-16 10:22:17.706873,16,39600,11888,,,0
405,b6d7a9c8ffd4106f8929ec527f369228b835fe91,/tmp/experiment-data,d15-04-2024t23-10-41,fairfuzz,api_misuse_libxml,2024-04-15 22:12:10.434969,2024-04-16 10:22:17.706873,16,40500,11888,,,0
416,b6d7a9c8ffd4106f8929ec527f369228b835fe91,/tmp/experiment-data,d15-04-2024t23-10-41,fairfuzz,api_misuse_libxml,2024-04-15 22:12:10.434969,2024-04-16 10:22:17.706873,16,41400,11888,,,0
423,b6d7a9c8ffd4106f8929ec527f369228b835fe91,/tmp/experiment-data,d15-04-2024t23-10-41,fairfuzz,api_misuse_libxml,2024-04-15 22:12:10.434969,2024-04-16 10:22:17.706873,16,42300,11888,,,0
432,b6d7a9c8ffd4106f8929ec527f369228b835fe91,/tmp/experiment-data,d15-04-2024t23-10-41,fairfuzz,api_misuse_libxml,2024-04-15 22:12:10.434969,2024-04-16 10:22:17.706873,16,43200,11888,,,0
1,b6d7a9c8ffd4106f8929ec527f369228b835fe91,/tmp/experiment-data,d15-04-2024t23-10-41,honggfuzz,api_misuse_libxml,2024-04-15 22:12:10.463067,2024-04-16 10:22:17.706873,12,0,8003,,,0
11,b6d7a9c8ffd4106f8929ec527f369228b835fe91,/tmp/experiment-data,d15-04-2024t23-10-41,honggfuzz,api_misuse_libxml,2024-04-15 22:12:10.463067,2024-04-16 10:22:17.706873,12,900,11403,,,0
19,b6d7a9c8ffd4106f8929ec527f369228b835fe91,/tmp/experiment-data,d15-04-2024t23-10-41,honggfuzz,api_misuse_libxml,2024-04-15 22:12:10.463067,2024-04-16 10:22:17.706873,12,1800,11618,,,0
35,b6d7a9c8ffd4106f8929ec527f369228b835fe91,/tmp/experiment-data,d15-04-2024t23-10-41,honggfuzz,api_misuse_libxml,2024-04-15 22:12:10.463067,2024-04-16 10:22:17.706873,12,2700,11769,,,0
39,b6d7a9c8ffd4106f8929ec527f369228b835fe91,/tmp/experiment-data,d15-04-2024t23-10-41,honggfuzz,api_misuse_libxml,2024-04-15 22:12:10.463067,2024-04-16 10:22:17.706873,12,3600,11826,,,0
46,b6d7a9c8ffd4106f8929ec527f369228b835fe91,/tmp/experiment-data,d15-04-2024t23-10-41,honggfuzz,api_misuse_libxml,2024-04-15 22:12:10.463067,2024-04-16 10:22:17.706873,12,4500,11875,,,0
55,b6d7a9c8ffd4106f8929ec527f369228b835fe91,/tmp/experiment-data,d15-04-2024t23-10-41,honggfuzz,api_misuse_libxml,2024-04-15 22:12:10.463067,2024-04-16 10:22:17.706873,12,5400,11919,,,0
65,b6d7a9c8ffd4106f8929ec527f369228b835fe91,/tmp/experiment-data,d15-04-2024t23-10-41,honggfuzz,api_misuse_libxml,2024-04-15 22:12:10.463067,2024-04-16 10:22:17.706873,12,6300,11978,,,0
74,b6d7a9c8ffd4106f8929ec527f369228b835fe91,/tmp/experiment-data,d15-04-2024t23-10-41,honggfuzz,api_misuse_libxml,2024-04-15 22:12:10.463067,2024-04-16 10:22:17.706873,12,7200,12015,,,0
82,b6d7a9c8ffd4106f8929ec527f369228b835fe91,/tmp/experiment-data,d15-04-2024t23-10-41,honggfuzz,api_misuse_libxml,2024-04-15 22:12:10.463067,2024-04-16 10:22:17.706873,12,8100,12051,,,0
90,b6d7a9c8ffd4106f8929ec527f369228b835fe91,/tmp/experiment-data,d15-04-2024t23-10-41,honggfuzz,api_misuse_libxml,2024-04-15 22:12:10.463067,2024-04-16 10:22:17.706873,12,9000,12070,,,0
100,b6d7a9c8ffd4106f8929ec527f369228b835fe91,/tmp/experiment-data,d15-04-2024t23-10-41,honggfuzz,api_misuse_libxml,2024-04-15 22:12:10.463067,2024-04-16 10:22:17.706873,12,9900,12103,,,0
111,b6d7a9c8ffd4106f8929ec527f369228b835fe91,/tmp/experiment-data,d15-04-2024t23-10-41,honggfuzz,api_misuse_libxml,2024-04-15 22:12:10.463067,2024-04-16 10:22:17.706873,12,10800,12134,,,0
117,b6d7a9c8ffd4106f8929ec527f369228b835fe91,/tmp/experiment-data,d15-04-2024t23-10-41,honggfuzz,api_misuse_libxml,2024-04-15 22:12:10.463067,2024-04-16 10:22:17.706873,12,11700,12140,,,0
126,b6d7a9c8ffd4106f8929ec527f369228b835fe91,/tmp/experiment-data,d15-04-2024t23-10-41,honggfuzz,api_misuse_libxml,2024-04-15 22:12:10.463067,2024-04-16 10:22:17.706873,12,12600,12148,,,0
138,b6d7a9c8ffd4106f8929ec527f369228b835fe91,/tmp/experiment-data,d15-04-2024t23-10-41,honggfuzz,api_misuse_libxml,2024-04-15 22:12:10.463067,2024-04-16 10:22:17.706873,12,13500,12161,,,0
148,b6d7a9c8ffd4106f8929ec527f369228b835fe91,/tmp/experiment-data,d15-04-2024t23-10-41,honggfuzz,api_misuse_libxml,2024-04-15 22:12:10.463067,2024-04-16 10:22:17.706873,12,14400,12213,,,0
159,b6d7a9c8ffd4106f8929ec527f369228b835fe91,/tmp/experiment-data,d15-04-2024t23-10-41,honggfuzz,api_misuse_libxml,2024-04-15 22:12:10.463067,2024-04-16 10:22:17.706873,12,15300,12230,,,0
168,b6d7a9c8ffd4106f8929ec527f369228b835fe91,/tmp/experiment-data,d15-04-2024t23-10-41,honggfuzz,api_misuse_libxml,2024-04-15 22:12:10.463067,2024-04-16 10:22:17.706873,12,16200,12235,,,0
177,b6d7a9c8ffd4106f8929ec527f369228b835fe91,/tmp/experiment-data,d15-04-2024t23-10-41,honggfuzz,api_misuse_libxml,2024-04-15 22:12:10.463067,2024-04-16 10:22:17.706873,12,17100,12248,,,0
184,b6d7a9c8ffd4106f8929ec527f369228b835fe91,/tmp/experiment-data,d15-04-2024t23-10-41,honggfuzz,api_misuse_libxml,2024-04-15 22:12:10.463067,2024-04-16 10:22:17.706873,12,18000,12251,,,0
193,b6d7a9c8ffd4106f8929ec527f369228b835fe91,/tmp/experiment-data,d15-04-2024t23-10-41,honggfuzz,api_misuse_libxml,2024-04-15 22:12:10.463067,2024-04-16 10:22:17.706873,12,18900,12269,,,0
202,b6d7a9c8ffd4106f8929ec527f369228b835fe91,/tmp/experiment-data,d15-04-2024t23-10-41,honggfuzz,api_misuse_libxml,2024-04-15 22:12:10.463067,2024-04-16 10:22:17.706873,12,19800,12277,,,0
213,b6d7a9c8ffd4106f8929ec527f369228b835fe91,/tmp/experiment-data,d15-04-2024t23-10-41,honggfuzz,api_misuse_libxml,2024-04-15 22:12:10.463067,2024-04-16 10:22:17.706873,12,20700,12283,,,0
223,b6d7a9c8ffd4106f8929ec527f369228b835fe91,/tmp/experiment-data,d15-04-2024t23-10-41,honggfuzz,api_misuse_libxml,2024-04-15 22:12:10.463067,2024-04-16 10:22:17.706873,12,21600,12292,,,0
231,b6d7a9c8ffd4106f8929ec527f369228b835fe91,/tmp/experiment-data,d15-04-2024t23-10-41,honggfuzz,api_misuse_libxml,2024-04-15 22:12:10.463067,2024-04-16 10:22:17.706873,12,22500,12301,,,0
237,b6d7a9c8ffd4106f8929ec527f369228b835fe91,/tmp/experiment-data,d15-04-2024t23-10-41,honggfuzz,api_misuse_libxml,2024-04-15 22:12:10.463067,2024-04-16 10:22:17.706873,12,23400,12302,,,0
245,b6d7a9c8ffd4106f8929ec527f369228b835fe91,/tmp/experiment-data,d15-04-2024t23-10-41,honggfuzz,api_misuse_libxml,2024-04-15 22:12:10.463067,2024-04-16 10:22:17.706873,12,24300,12303,,,0
254,b6d7a9c8ffd4106f8929ec527f369228b835fe91,/tmp/experiment-data,d15-04-2024t23-10-41,honggfuzz,api_misuse_libxml,2024-04-15 22:12:10.463067,2024-04-16 10:22:17.706873,12,25200,12306,,,0
261,b6d7a9c8ffd4106f8929ec527f369228b835fe91,/tmp/experiment-data,d15-04-2024t23-10-41,honggfuzz,api_misuse_libxml,2024-04-15 22:12:10.463067,2024-04-16 10:22:17.706873,12,26100,12308,,,0
271,b6d7a9c8ffd4106f8929ec527f369228b835fe91,/tmp/experiment-data,d15-04-2024t23-10-41,honggfuzz,api_misuse_libxml,2024-04-15 22:12:10.463067,2024-04-16 10:22:17.706873,12,27000,12315,,,0
281,b6d7a9c8ffd4106f8929ec527f369228b835fe91,/tmp/experiment-data,d15-04-2024t23-10-41,honggfuzz,api_misuse_libxml,2024-04-15 22:12:10.463067,2024-04-16 10:22:17.706873,12,27900,12321,,,0
289,b6d7a9c8ffd4106f8929ec527f369228b835fe91,/tmp/experiment-data,d15-04-2024t23-10-41,honggfuzz,api_misuse_libxml,2024-04-15 22:12:10.463067,2024-04-16 10:22:17.706873,12,28800,12324,,,0
302,b6d7a9c8ffd4106f8929ec527f369228b835fe91,/tmp/experiment-data,d15-04-2024t23-10-41,honggfuzz,api_misuse_libxml,2024-04-15 22:12:10.463067,2024-04-16 10:22:17.706873,12,29700,12325,,,0
312,b6d7a9c8ffd4106f8929ec527f369228b835fe91,/tmp/experiment-data,d15-04-2024t23-10-41,honggfuzz,api_misuse_libxml,2024-04-15 22:12:10.463067,2024-04-16 10:22:17.706873,12,30600,12330,,,0
321,b6d7a9c8ffd4106f8929ec527f369228b835fe91,/tmp/experiment-data,d15-04-2024t23-10-41,honggfuzz,api_misuse_libxml,2024-04-15 22:12:10.463067,2024-04-16 10:22:17.706873,12,31500,12342,,,0
330,b6d7a9c8ffd4106f8929ec527f369228b835fe91,/tmp/experiment-data,d15-04-2024t23-10-41,honggfuzz,api_misuse_libxml,2024-04-15 22:12:10.463067,2024-04-16 10:22:17.706873,12,32400,12352,,,0
337,b6d7a9c8ffd4106f8929ec527f369228b835fe91,/tmp/experiment-data,d15-04-2024t23-10-41,honggfuzz,api_misuse_libxml,2024-04-15 22:12:10.463067,2024-04-16 10:22:17.706873,12,33300,12364,,,0
348,b6d7a9c8ffd4106f8929ec527f369228b835fe91,/tmp/experiment-data,d15-04-2024t23-10-41,honggfuzz,api_misuse_libxml,2024-04-15 22:12:10.463067,2024-04-16 10:22:17.706873,12,34200,12369,,,0
351,b6d7a9c8ffd4106f8929ec527f369228b835fe91,/tmp/experiment-data,d15-04-2024t23-10-41,honggfuzz,api_misuse_libxml,2024-04-15 22:12:10.463067,2024-04-16 10:22:17.706873,12,35100,12378,,,0
362,b6d7a9c8ffd4106f8929ec527f369228b835fe91,/tmp/experiment-data,d15-04-2024t23-10-41,honggfuzz,api_misuse_libxml,2024-04-15 22:12:10.463067,2024-04-16 10:22:17.706873,12,36000,12384,,,0
375,b6d7a9c8ffd4106f8929ec527f369228b835fe91,/tmp/experiment-data,d15-04-2024t23-10-41,honggfuzz,api_misuse_libxml,2024-04-15 22:12:10.463067,2024-04-16 10:22:17.706873,12,36900,12390,,,0
385,b6d7a9c8ffd4106f8929ec527f369228b835fe91,/tmp/experiment-data,d15-04-2024t23-10-41,honggfuzz,api_misuse_libxml,2024-04-15 22:12:10.463067,2024-04-16 10:22:17.706873,12,37800,12426,,,0
393,b6d7a9c8ffd4106f8929ec527f369228b835fe91,/tmp/experiment-data,d15-04-2024t23-10-41,honggfuzz,api_misuse_libxml,2024-04-15 22:12:10.463067,2024-04-16 10:22:17.706873,12,38700,12471,,,0
402,b6d7a9c8ffd4106f8929ec527f369228b835fe91,/tmp/experiment-data,d15-04-2024t23-10-41,honggfuzz,api_misuse_libxml,2024-04-15 22:12:10.463067,2024-04-16 10:22:17.706873,12,39600,12476,,,0
408,b6d7a9c8ffd4106f8929ec527f369228b835fe91,/tmp/experiment-data,d15-04-2024t23-10-41,honggfuzz,api_misuse_libxml,2024-04-15 22:12:10.463067,2024-04-16 10:22:17.706873,12,40500,12493,,,0
421,b6d7a9c8ffd4106f8929ec527f369228b835fe91,/tmp/experiment-data,d15-04-2024t23-10-41,honggfuzz,api_misuse_libxml,2024-04-15 22:12:10.463067,2024-04-16 10:22:17.706873,12,41400,12496,,,0
424,b6d7a9c8ffd4106f8929ec527f369228b835fe91,/tmp/experiment-data,d15-04-2024t23-10-41,honggfuzz,api_misuse_libxml,2024-04-15 22:12:10.463067,2024-04-16 10:22:17.706873,12,42300,12502,,,0
436,b6d7a9c8ffd4106f8929ec527f369228b835fe91,/tmp/experiment-data,d15-04-2024t23-10-41,honggfuzz,api_misuse_libxml,2024-04-15 22:12:10.463067,2024-04-16 10:22:17.706873,12,43200,12508,,,0
8,b6d7a9c8ffd4106f8929ec527f369228b835fe91,/tmp/experiment-data,d15-04-2024t23-10-41,libfuzzer,api_misuse_libxml,2024-04-15 22:12:10.449647,2024-04-16 10:22:17.706873,11,0,8003,,,0
17,b6d7a9c8ffd4106f8929ec527f369228b835fe91,/tmp/experiment-data,d15-04-2024t23-10-41,libfuzzer,api_misuse_libxml,2024-04-15 22:12:10.449647,2024-04-16 10:22:17.706873,11,900,11101,,,0
26,b6d7a9c8ffd4106f8929ec527f369228b835fe91,/tmp/experiment-data,d15-04-2024t23-10-41,libfuzzer,api_misuse_libxml,2024-04-15 22:12:10.449647,2024-04-16 10:22:17.706873,11,1800,11483,,,0
34,b6d7a9c8ffd4106f8929ec527f369228b835fe91,/tmp/experiment-data,d15-04-2024t23-10-41,libfuzzer,api_misuse_libxml,2024-04-15 22:12:10.449647,2024-04-16 10:22:17.706873,11,2700,11624,,,0
44,b6d7a9c8ffd4106f8929ec527f369228b835fe91,/tmp/experiment-data,d15-04-2024t23-10-41,libfuzzer,api_misuse_libxml,2024-04-15 22:12:10.449647,2024-04-16 10:22:17.706873,11,3600,11751,,,0
53,b6d7a9c8ffd4106f8929ec527f369228b835fe91,/tmp/experiment-data,d15-04-2024t23-10-41,libfuzzer,api_misuse_libxml,2024-04-15 22:12:10.449647,2024-04-16 10:22:17.706873,11,4500,11833,,,0
62,b6d7a9c8ffd4106f8929ec527f369228b835fe91,/tmp/experiment-data,d15-04-2024t23-10-41,libfuzzer,api_misuse_libxml,2024-04-15 22:12:10.449647,2024-04-16 10:22:17.706873,11,5400,11872,,,0
71,b6d7a9c8ffd4106f8929ec527f369228b835fe91,/tmp/experiment-data,d15-04-2024t23-10-41,libfuzzer,api_misuse_libxml,2024-04-15 22:12:10.449647,2024-04-16 10:22:17.706873,11,6300,11932,,,0
80,b6d7a9c8ffd4106f8929ec527f369228b835fe91,/tmp/experiment-data,d15-04-2024t23-10-41,libfuzzer,api_misuse_libxml,2024-04-15 22:12:10.449647,2024-04-16 10:22:17.706873,11,7200,11952,,,0
89,b6d7a9c8ffd4106f8929ec527f369228b835fe91,/tmp/experiment-data,d15-04-2024t23-10-41,libfuzzer,api_misuse_libxml,2024-04-15 22:12:10.449647,2024-04-16 10:22:17.706873,11,8100,11989,,,0
98,b6d7a9c8ffd4106f8929ec527f369228b835fe91,/tmp/experiment-data,d15-04-2024t23-10-41,libfuzzer,api_misuse_libxml,2024-04-15 22:12:10.449647,2024-04-16 10:22:17.706873,11,9000,12048,,,0
107,b6d7a9c8ffd4106f8929ec527f369228b835fe91,/tmp/experiment-data,d15-04-2024t23-10-41,libfuzzer,api_misuse_libxml,2024-04-15 22:12:10.449647,2024-04-16 10:22:17.706873,11,9900,12083,,,0
116,b6d7a9c8ffd4106f8929ec527f369228b835fe91,/tmp/experiment-data,d15-04-2024t23-10-41,libfuzzer,api_misuse_libxml,2024-04-15 22:12:10.449647,2024-04-16 10:22:17.706873,11,10800,12098,,,0
125,b6d7a9c8ffd4106f8929ec527f369228b835fe91,/tmp/experiment-data,d15-04-2024t23-10-41,libfuzzer,api_misuse_libxml,2024-04-15 22:12:10.449647,2024-04-16 10:22:17.706873,11,11700,12116,,,0
134,b6d7a9c8ffd4106f8929ec527f369228b835fe91,/tmp/experiment-data,d15-04-2024t23-10-41,libfuzzer,api_misuse_libxml,2024-04-15 22:12:10.449647,2024-04-16 10:22:17.706873,11,12600,12151,,,0
143,b6d7a9c8ffd4106f8929ec527f369228b835fe91,/tmp/experiment-data,d15-04-2024t23-10-41,libfuzzer,api_misuse_libxml,2024-04-15 22:12:10.449647,2024-04-16 10:22:17.706873,11,13500,12160,,,0
152,b6d7a9c8ffd4106f8929ec527f369228b835fe91,/tmp/experiment-data,d15-04-2024t23-10-41,libfuzzer,api_misuse_libxml,2024-04-15 22:12:10.449647,2024-04-16 10:22:17.706873,11,14400,12165,,,0
161,b6d7a9c8ffd4106f8929ec527f369228b835fe91,/tmp/experiment-data,d15-04-2024t23-10-41,libfuzzer,api_misuse_libxml,2024-04-15 22:12:10.449647,2024-04-16 10:22:17.706873,11,15300,12189,,,0
170,b6d7a9c8ffd4106f8929ec527f369228b835fe91,/tmp/experiment-data,d15-04-2024t23-10-41,libfuzzer,api_misuse_libxml,2024-04-15 22:12:10.449647,2024-04-16 10:22:17.706873,11,16200,12200,,,0
179,b6d7a9c8ffd4106f8929ec527f369228b835fe91,/tmp/experiment-data,d15-04-2024t23-10-41,libfuzzer,api_misuse_libxml,2024-04-15 22:12:10.449647,2024-04-16 10:22:17.706873,11,17100,12213,,,0
188,b6d7a9c8ffd4106f8929ec527f369228b835fe91,/tmp/experiment-data,d15-04-2024t23-10-41,libfuzzer,api_misuse_libxml,2024-04-15 22:12:10.449647,2024-04-16 10:22:17.706873,11,18000,12218,,,0
197,b6d7a9c8ffd4106f8929ec527f369228b835fe91,/tmp/experiment-data,d15-04-2024t23-10-41,libfuzzer,api_misuse_libxml,2024-04-15 22:12:10.449647,2024-04-16 10:22:17.706873,11,18900,12246,,,0
206,b6d7a9c8ffd4106f8929ec527f369228b835fe91,/tmp/experiment-data,d15-04-2024t23-10-41,libfuzzer,api_misuse_libxml,2024-04-15 22:12:10.449647,2024-04-16 10:22:17.706873,11,19800,12274,,,0
215,b6d7a9c8ffd4106f8929ec527f369228b835fe91,/tmp/experiment-data,d15-04-2024t23-10-41,libfuzzer,api_misuse_libxml,2024-04-15 22:12:10.449647,2024-04-16 10:22:17.706873,11,20700,12289,,,0
224,b6d7a9c8ffd4106f8929ec527f369228b835fe91,/tmp/experiment-data,d15-04-2024t23-10-41,libfuzzer,api_misuse_libxml,2024-04-15 22:12:10.449647,2024-04-16 10:22:17.706873,11,21600,12305,,,0
233,b6d7a9c8ffd4106f8929ec527f369228b835fe91,/tmp/experiment-data,d15-04-2024t23-10-41,libfuzzer,api_misuse_libxml,2024-04-15 22:12:10.449647,2024-04-16 10:22:17.706873,11,22500,12318,,,0
242,b6d7a9c8ffd4106f8929ec527f369228b835fe91,/tmp/experiment-data,d15-04-2024t23-10-41,libfuzzer,api_misuse_libxml,2024-04-15 22:12:10.449647,2024-04-16 10:22:17.706873,11,23400,12323,,,0
251,b6d7a9c8ffd4106f8929ec527f369228b835fe91,/tmp/experiment-data,d15-04-2024t23-10-41,libfuzzer,api_misuse_libxml,2024-04-15 22:12:10.449647,2024-04-16 10:22:17.706873,11,24300,12327,,,0
260,b6d7a9c8ffd4106f8929ec527f369228b835fe91,/tmp/experiment-data,d15-04-2024t23-10-41,libfuzzer,api_misuse_libxml,2024-04-15 22:12:10.449647,2024-04-16 10:22:17.706873,11,25200,12338,,,0
269,b6d7a9c8ffd4106f8929ec527f369228b835fe91,/tmp/experiment-data,d15-04-2024t23-10-41,libfuzzer,api_misuse_libxml,2024-04-15 22:12:10.449647,2024-04-16 10:22:17.706873,11,26100,12343,,,0
278,b6d7a9c8ffd4106f8929ec527f369228b835fe91,/tmp/experiment-data,d15-04-2024t23-10-41,libfuzzer,api_misuse_libxml,2024-04-15 22:12:10.449647,2024-04-16 10:22:17.706873,11,27000,12351,,,0
287,b6d7a9c8ffd4106f8929ec527f369228b835fe91,/tmp/experiment-data,d15-04-2024t23-10-41,libfuzzer,api_misuse_libxml,2024-04-15 22:12:10.449647,2024-04-16 10:22:17.706873,11,27900,12360,,,0
296,b6d7a9c8ffd4106f8929ec527f369228b835fe91,/tmp/experiment-data,d15-04-2024t23-10-41,libfuzzer,api_misuse_libxml,2024-04-15 22:12:10.449647,2024-04-16 10:22:17.706873,11,28800,12371,,,0
305,b6d7a9c8ffd4106f8929ec527f369228b835fe91,/tmp/experiment-data,d15-04-2024t23-10-41,libfuzzer,api_misuse_libxml,2024-04-15 22:12:10.449647,2024-04-16 10:22:17.706873,11,29700,12379,,,0
314,b6d7a9c8ffd4106f8929ec527f369228b835fe91,/tmp/experiment-data,d15-04-2024t23-10-41,libfuzzer,api_misuse_libxml,2024-04-15 22:12:10.449647,2024-04-16 10:22:17.706873,11,30600,12390,,,0
323,b6d7a9c8ffd4106f8929ec527f369228b835fe91,/tmp/experiment-data,d15-04-2024t23-10-41,libfuzzer,api_misuse_libxml,2024-04-15 22:12:10.449647,2024-04-16 10:22:17.706873,11,31500,12397,,,0
332,b6d7a9c8ffd4106f8929ec527f369228b835fe91,/tmp/experiment-data,d15-04-2024t23-10-41,libfuzzer,api_misuse_libxml,2024-04-15 22:12:10.449647,2024-04-16 10:22:17.706873,11,32400,12404,,,0
341,b6d7a9c8ffd4106f8929ec527f369228b835fe91,/tmp/experiment-data,d15-04-2024t23-10-41,libfuzzer,api_misuse_libxml,2024-04-15 22:12:10.449647,2024-04-16 10:22:17.706873,11,33300,12406,,,0
350,b6d7a9c8ffd4106f8929ec527f369228b835fe91,/tmp/experiment-data,d15-04-2024t23-10-41,libfuzzer,api_misuse_libxml,2024-04-15 22:12:10.449647,2024-04-16 10:22:17.706873,11,34200,12410,,,0
359,b6d7a9c8ffd4106f8929ec527f369228b835fe91,/tmp/experiment-data,d15-04-2024t23-10-41,libfuzzer,api_misuse_libxml,2024-04-15 22:12:10.449647,2024-04-16 10:22:17.706873,11,35100,12414,,,0
368,b6d7a9c8ffd4106f8929ec527f369228b835fe91,/tmp/experiment-data,d15-04-2024t23-10-41,libfuzzer,api_misuse_libxml,2024-04-15 22:12:10.449647,2024-04-16 10:22:17.706873,11,36000,12421,,,0
377,b6d7a9c8ffd4106f8929ec527f369228b835fe91,/tmp/experiment-data,d15-04-2024t23-10-41,libfuzzer,api_misuse_libxml,2024-04-15 22:12:10.449647,2024-04-16 10:22:17.706873,11,36900,12424,,,0
386,b6d7a9c8ffd4106f8929ec527f369228b835fe91,/tmp/experiment-data,d15-04-2024t23-10-41,libfuzzer,api_misuse_libxml,2024-04-15 22:12:10.449647,2024-04-16 10:22:17.706873,11,37800,12429,,,0
395,b6d7a9c8ffd4106f8929ec527f369228b835fe91,/tmp/experiment-data,d15-04-2024t23-10-41,libfuzzer,api_misuse_libxml,2024-04-15 22:12:10.449647,2024-04-16 10:22:17.706873,11,38700,12438,,,0
404,b6d7a9c8ffd4106f8929ec527f369228b835fe91,/tmp/experiment-data,d15-04-2024t23-10-41,libfuzzer,api_misuse_libxml,2024-04-15 22:12:10.449647,2024-04-16 10:22:17.706873,11,39600,12440,,,0
413,b6d7a9c8ffd4106f8929ec527f369228b835fe91,/tmp/experiment-data,d15-04-2024t23-10-41,libfuzzer,api_misuse_libxml,2024-04-15 22:12:10.449647,2024-04-16 10:22:17.706873,11,40500,12442,,,0
422,b6d7a9c8ffd4106f8929ec527f369228b835fe91,/tmp/experiment-data,d15-04-2024t23-10-41,libfuzzer,api_misuse_libxml,2024-04-15 22:12:10.449647,2024-04-16 10:22:17.706873,11,41400,12443,,,0
431,b6d7a9c8ffd4106f8929ec527f369228b835fe91,/tmp/experiment-data,d15-04-2024t23-10-41,libfuzzer,api_misuse_libxml,2024-04-15 22:12:10.449647,2024-04-16 10:22:17.706873,11,42300,12443,,,0
438,b6d7a9c8ffd4106f8929ec527f369228b835fe91,/tmp/experiment-data,d15-04-2024t23-10-41,libfuzzer,api_misuse_libxml,2024-04-15 22:12:10.449647,2024-04-16 10:22:17.706873,11,43200,12445,,,0
4,b6d7a9c8ffd4106f8929ec527f369228b835fe91,/tmp/experiment-data,d15-04-2024t23-10-41,mopt,api_misuse_libxml,2024-04-15 22:12:10.321211,2024-04-16 10:22:17.706873,17,0,8003,,,0
10,b6d7a9c8ffd4106f8929ec527f369228b835fe91,/tmp/experiment-data,d15-04-2024t23-10-41,mopt,api_misuse_libxml,2024-04-15 22:12:10.321211,2024-04-16 10:22:17.706873,17,900,8056,,,0
23,b6d7a9c8ffd4106f8929ec527f369228b835fe91,/tmp/experiment-data,d15-04-2024t23-10-41,mopt,api_misuse_libxml,2024-04-15 22:12:10.321211,2024-04-16 10:22:17.706873,17,1800,10343,,,0
33,b6d7a9c8ffd4106f8929ec527f369228b835fe91,/tmp/experiment-data,d15-04-2024t23-10-41,mopt,api_misuse_libxml,2024-04-15 22:12:10.321211,2024-04-16 10:22:17.706873,17,2700,10819,,,0
38,b6d7a9c8ffd4106f8929ec527f369228b835fe91,/tmp/experiment-data,d15-04-2024t23-10-41,mopt,api_misuse_libxml,2024-04-15 22:12:10.321211,2024-04-16 10:22:17.706873,17,3600,11033,,,0
47,b6d7a9c8ffd4106f8929ec527f369228b835fe91,/tmp/experiment-data,d15-04-2024t23-10-41,mopt,api_misuse_libxml,2024-04-15 22:12:10.321211,2024-04-16 10:22:17.706873,17,4500,11154,,,0
57,b6d7a9c8ffd4106f8929ec527f369228b835fe91,/tmp/experiment-data,d15-04-2024t23-10-41,mopt,api_misuse_libxml,2024-04-15 22:12:10.321211,2024-04-16 10:22:17.706873,17,5400,11303,,,0
66,b6d7a9c8ffd4106f8929ec527f369228b835fe91,/tmp/experiment-data,d15-04-2024t23-10-41,mopt,api_misuse_libxml,2024-04-15 22:12:10.321211,2024-04-16 10:22:17.706873,17,6300,11397,,,0
73,b6d7a9c8ffd4106f8929ec527f369228b835fe91,/tmp/experiment-data,d15-04-2024t23-10-41,mopt,api_misuse_libxml,2024-04-15 22:12:10.321211,2024-04-16 10:22:17.706873,17,7200,11474,,,0
84,b6d7a9c8ffd4106f8929ec527f369228b835fe91,/tmp/experiment-data,d15-04-2024t23-10-41,mopt,api_misuse_libxml,2024-04-15 22:12:10.321211,2024-04-16 10:22:17.706873,17,8100,11523,,,0
92,b6d7a9c8ffd4106f8929ec527f369228b835fe91,/tmp/experiment-data,d15-04-2024t23-10-41,mopt,api_misuse_libxml,2024-04-15 22:12:10.321211,2024-04-16 10:22:17.706873,17,9000,11612,,,0
103,b6d7a9c8ffd4106f8929ec527f369228b835fe91,/tmp/experiment-data,d15-04-2024t23-10-41,mopt,api_misuse_libxml,2024-04-15 22:12:10.321211,2024-04-16 10:22:17.706873,17,9900,11631,,,0
114,b6d7a9c8ffd4106f8929ec527f369228b835fe91,/tmp/experiment-data,d15-04-2024t23-10-41,mopt,api_misuse_libxml,2024-04-15 22:12:10.321211,2024-04-16 10:22:17.706873,17,10800,11655,,,0
118,b6d7a9c8ffd4106f8929ec527f369228b835fe91,/tmp/experiment-data,d15-04-2024t23-10-41,mopt,api_misuse_libxml,2024-04-15 22:12:10.321211,2024-04-16 10:22:17.706873,17,11700,11685,,,0
130,b6d7a9c8ffd4106f8929ec527f369228b835fe91,/tmp/experiment-data,d15-04-2024t23-10-41,mopt,api_misuse_libxml,2024-04-15 22:12:10.321211,2024-04-16 10:22:17.706873,17,12600,11719,,,0
140,b6d7a9c8ffd4106f8929ec527f369228b835fe91,/tmp/experiment-data,d15-04-2024t23-10-41,mopt,api_misuse_libxml,2024-04-15 22:12:10.321211,2024-04-16 10:22:17.706873,17,13500,11733,,,0
149,b6d7a9c8ffd4106f8929ec527f369228b835fe91,/tmp/experiment-data,d15-04-2024t23-10-41,mopt,api_misuse_libxml,2024-04-15 22:12:10.321211,2024-04-16 10:22:17.706873,17,14400,11779,,,0
153,b6d7a9c8ffd4106f8929ec527f369228b835fe91,/tmp/experiment-data,d15-04-2024t23-10-41,mopt,api_misuse_libxml,2024-04-15 22:12:10.321211,2024-04-16 10:22:17.706873,17,15300,11814,,,0
166,b6d7a9c8ffd4106f8929ec527f369228b835fe91,/tmp/experiment-data,d15-04-2024t23-10-41,mopt,api_misuse_libxml,2024-04-15 22:12:10.321211,2024-04-16 10:22:17.706873,17,16200,11874,,,0
175,b6d7a9c8ffd4106f8929ec527f369228b835fe91,/tmp/experiment-data,d15-04-2024t23-10-41,mopt,api_misuse_libxml,2024-04-15 22:12:10.321211,2024-04-16 10:22:17.706873,17,17100,11878,,,0
183,b6d7a9c8ffd4106f8929ec527f369228b835fe91,/tmp/experiment-data,d15-04-2024t23-10-41,mopt,api_misuse_libxml,2024-04-15 22:12:10.321211,2024-04-16 10:22:17.706873,17,18000,11881,,,0
192,b6d7a9c8ffd4106f8929ec527f369228b835fe91,/tmp/experiment-data,d15-04-2024t23-10-41,mopt,api_misuse_libxml,2024-04-15 22:12:10.321211,2024-04-16 10:22:17.706873,17,18900,11892,,,0
201,b6d7a9c8ffd4106f8929ec527f369228b835fe91,/tmp/experiment-data,d15-04-2024t23-10-41,mopt,api_misuse_libxml,2024-04-15 22:12:10.321211,2024-04-16 10:22:17.706873,17,19800,11903,,,0
210,b6d7a9c8ffd4106f8929ec527f369228b835fe91,/tmp/experiment-data,d15-04-2024t23-10-41,mopt,api_misuse_libxml,2024-04-15 22:12:10.321211,2024-04-16 10:22:17.706873,17,20700,11925,,,0
220,b6d7a9c8ffd4106f8929ec527f369228b835fe91,/tmp/experiment-data,d15-04-2024t23-10-41,mopt,api_misuse_libxml,2024-04-15 22:12:10.321211,2024-04-16 10:22:17.706873,17,21600,11955,,,0
226,b6d7a9c8ffd4106f8929ec527f369228b835fe91,/tmp/experiment-data,d15-04-2024t23-10-41,mopt,api_misuse_libxml,2024-04-15 22:12:10.321211,2024-04-16 10:22:17.706873,17,22500,12021,,,0
238,b6d7a9c8ffd4106f8929ec527f369228b835fe91,/tmp/experiment-data,d15-04-2024t23-10-41,mopt,api_misuse_libxml,2024-04-15 22:12:10.321211,2024-04-16 10:22:17.706873,17,23400,12028,,,0
247,b6d7a9c8ffd4106f8929ec527f369228b835fe91,/tmp/experiment-data,d15-04-2024t23-10-41,mopt,api_misuse_libxml,2024-04-15 22:12:10.321211,2024-04-16 10:22:17.706873,17,24300,12081,,,0
257,b6d7a9c8ffd4106f8929ec527f369228b835fe91,/tmp/experiment-data,d15-04-2024t23-10-41,mopt,api_misuse_libxml,2024-04-15 22:12:10.321211,2024-04-16 10:22:17.706873,17,25200,12131,,,0
263,b6d7a9c8ffd4106f8929ec527f369228b835fe91,/tmp/experiment-data,d15-04-2024t23-10-41,mopt,api_misuse_libxml,2024-04-15 22:12:10.321211,2024-04-16 10:22:17.706873,17,26100,12144,,,0
276,b6d7a9c8ffd4106f8929ec527f369228b835fe91,/tmp/experiment-data,d15-04-2024t23-10-41,mopt,api_misuse_libxml,2024-04-15 22:12:10.321211,2024-04-16 10:22:17.706873,17,27000,12236,,,0
285,b6d7a9c8ffd4106f8929ec527f369228b835fe91,/tmp/experiment-data,d15-04-2024t23-10-41,mopt,api_misuse_libxml,2024-04-15 22:12:10.321211,2024-04-16 10:22:17.706873,17,27900,12304,,,0
292,b6d7a9c8ffd4106f8929ec527f369228b835fe91,/tmp/experiment-data,d15-04-2024t23-10-41,mopt,api_misuse_libxml,2024-04-15 22:12:10.321211,2024-04-16 10:22:17.706873,17,28800,12333,,,0
303,b6d7a9c8ffd4106f8929ec527f369228b835fe91,/tmp/experiment-data,d15-04-2024t23-10-41,mopt,api_misuse_libxml,2024-04-15 22:12:10.321211,2024-04-16 10:22:17.706873,17,29700,12353,,,0
311,b6d7a9c8ffd4106f8929ec527f369228b835fe91,/tmp/experiment-data,d15-04-2024t23-10-41,mopt,api_misuse_libxml,2024-04-15 22:12:10.321211,2024-04-16 10:22:17.706873,17,30600,12370,,,0
318,b6d7a9c8ffd4106f8929ec527f369228b835fe91,/tmp/experiment-data,d15-04-2024t23-10-41,mopt,api_misuse_libxml,2024-04-15 22:12:10.321211,2024-04-16 10:22:17.706873,17,31500,12381,,,0
329,b6d7a9c8ffd4106f8929ec527f369228b835fe91,/tmp/experiment-data,d15-04-2024t23-10-41,mopt,api_misuse_libxml,2024-04-15 22:12:10.321211,2024-04-16 10:22:17.706873,17,32400,12409,,,0
336,b6d7a9c8ffd4106f8929ec527f369228b835fe91,/tmp/experiment-data,d15-04-2024t23-10-41,mopt,api_misuse_libxml,2024-04-15 22:12:10.321211,2024-04-16 10:22:17.706873,17,33300,12417,,,0
346,b6d7a9c8ffd4106f8929ec527f369228b835fe91,/tmp/experiment-data,d15-04-2024t23-10-41,mopt,api_misuse_libxml,2024-04-15 22:12:10.321211,2024-04-16 10:22:17.706873,17,34200,12421,,,0
355,b6d7a9c8ffd4106f8929ec527f369228b835fe91,/tmp/experiment-data,d15-04-2024t23-10-41,mopt,api_misuse_libxml,2024-04-15 22:12:10.321211,2024-04-16 10:22:17.706873,17,35100,12428,,,0
366,b6d7a9c8ffd4106f8929ec527f369228b835fe91,/tmp/experiment-data,d15-04-2024t23-10-41,mopt,api_misuse_libxml,2024-04-15 22:12:10.321211,2024-04-16 10:22:17.706873,17,36000,12431,,,0
372,b6d7a9c8ffd4106f8929ec527f369228b835fe91,/tmp/experiment-data,d15-04-2024t23-10-41,mopt,api_misuse_libxml,2024-04-15 22:12:10.321211,2024-04-16 10:22:17.706873,17,36900,12433,,,0
382,b6d7a9c8ffd4106f8929ec527f369228b835fe91,/tmp/experiment-data,d15-04-2024t23-10-41,mopt,api_misuse_libxml,2024-04-15 22:12:10.321211,2024-04-16 10:22:17.706873,17,37800,12436,,,0
391,b6d7a9c8ffd4106f8929ec527f369228b835fe91,/tmp/experiment-data,d15-04-2024t23-10-41,mopt,api_misuse_libxml,2024-04-15 22:12:10.321211,2024-04-16 10:22:17.706873,17,38700,12444,,,0
401,b6d7a9c8ffd4106f8929ec527f369228b835fe91,/tmp/experiment-data,d15-04-2024t23-10-41,mopt,api_misuse_libxml,2024-04-15 22:12:10.321211,2024-04-16 10:22:17.706873,17,39600,12464,,,0
410,b6d7a9c8ffd4106f8929ec527f369228b835fe91,/tmp/experiment-data,d15-04-2024t23-10-41,mopt,api_misuse_libxml,2024-04-15 22:12:10.321211,2024-04-16 10:22:17.706873,17,40500,12473,,,0
415,b6d7a9c8ffd4106f8929ec527f369228b835fe91,/tmp/experiment-data,d15-04-2024t23-10-41,mopt,api_misuse_libxml,2024-04-15 22:12:10.321211,2024-04-16 10:22:17.706873,17,41400,12473,,,0
425,b6d7a9c8ffd4106f8929ec527f369228b835fe91,/tmp/experiment-data,d15-04-2024t23-10-41,mopt,api_misuse_libxml,2024-04-15 22:12:10.321211,2024-04-16 10:22:17.706873,17,42300,12478,,,0
434,b6d7a9c8ffd4106f8929ec527f369228b835fe91,/tmp/experiment-data,d15-04-2024t23-10-41,mopt,api_misuse_libxml,2024-04-15 22:12:10.321211,2024-04-16 10:22:17.706873,17,43200,12478,,,0
